[
  {
    "deviceType": "vsmart",
    "lastUpdatedBy": "admin",
    "resourceGroup": "global",
    "templateClass": "vedge",
    "configType": "file",
    "templateId": "891d4032-898d-41e2-a4ab-206734e416e9",
    "factoryDefault": false,
    "templateName": "vSmart-Template",
    "devicesAttached": 1,
    "templateDescription": "vSmart-Template",
    "draftMode": "Disabled",
    "lastUpdatedOn": 1685313686599,
    "templateAttached": 0
  },
  {
    "deviceType": "vedge-C8000V",
    "lastUpdatedBy": "admin",
    "resourceGroup": "global",
    "deviceRole": "sdwan-edge",
    "templateClass": "cedge",
    "configType": "template",
    "templateId": "40a9e8b9-f056-4574-97df-3019ccc978ae",
    "factoryDefault": false,
    "templateName": "DC_cEdge_Template",
    "devicesAttached": 1,
    "templateDescription": "DC_cEdge_Template",
    "lastUpdatedOn": 1685313687288,
    "templateAttached": 15,
    "draftMode": "Disabled"
  },
  {
    "deviceType": "vedge-C8000V",
    "lastUpdatedBy": "system",
    "resourceGroup": "global",
    "deviceRole": "sdwan-edge",
    "templateClass": "cedge",
    "configType": "template",
    "templateId": "c0a1572d-f02f-468d-babc-765db2fc1123",
    "factoryDefault": true,
    "templateName": "Default_AWS_TGW_C8000V_Template_V01",
    "devicesAttached": 0,
    "templateDescription": "Default device template for AWS TGW C8000V",
    "lastUpdatedOn": 1630931991246,
    "templateAttached": 11,
    "draftMode": "Disabled"
  },
  {
    "deviceType": "vedge-CSR-1000v",
    "lastUpdatedBy": "system",
    "resourceGroup": "global",
    "templateClass": "cedge",
    "configType": "template",
    "templateId": "7d135e57-255d-4891-b80e-8206f30a5fce",
    "factoryDefault": true,
    "templateName": "Default_AWS_TGW_CSR1000V_Template_V01",
    "devicesAttached": 0,
    "templateDescription": "Default device template for AWS TGW CSR1000V",
    "lastUpdatedOn": 1630929187435,
    "templateAttached": 11,
    "draftMode": "Disabled"
  },
  {
    "deviceType": "vedge-C8000V",
    "lastUpdatedBy": "system",
    "resourceGroup": "global",
    "deviceRole": "sdwan-edge",
    "templateClass": "cedge",
    "configType": "template",
    "templateId": "00a33ade-fae4-4fec-aba6-90586eabc45d",
    "factoryDefault": true,
    "templateName": "Default_Azure_vWAN_C8000V_Template_V01",
    "devicesAttached": 0,
    "templateDescription": "Default device template for Azure vWAN C8000V",
    "lastUpdatedOn": 1630931989937,
    "templateAttached": 11,
    "draftMode": "Disabled"
  },
  {
    "deviceType": "vedge-C8000V",
    "lastUpdatedBy": "system",
    "resourceGroup": "global",
    "deviceRole": "sdwan-edge",
    "templateClass": "cedge",
    "configType": "template",
    "templateId": "cfc764f8-66aa-4661-8a03-853a0461e075",
    "factoryDefault": true,
    "templateName": "Default_BOOTSTRAP_DHCP_8000V_Template_V01",
    "devicesAttached": 0,
    "templateDescription": "Default device template for onboarding C8000V devices with dhcp configurations",
    "lastUpdatedOn": 1676331291570,
    "templateAttached": 11,
    "draftMode": "Disabled"
  },
  {
    "deviceType": "vedge-C8000V",
    "lastUpdatedBy": "system",
    "resourceGroup": "global",
    "deviceRole": "sdwan-edge",
    "templateClass": "cedge",
    "configType": "template",
    "templateId": "31c2ba6f-8c0c-4ee4-80be-0563be0acc92",
    "factoryDefault": true,
    "templateName": "Default_BOOTSTRAP_STATIC_8000V_Template_V01",
    "devicesAttached": 0,
    "templateDescription": "Default device template for AWS TGW C8000V",
    "lastUpdatedOn": 1676331295028,
    "templateAttached": 10,
    "draftMode": "Disabled"
  },
  {
    "deviceType": "vedge-CSR-1000v",
    "lastUpdatedBy": "system",
    "resourceGroup": "global",
    "deviceRole": "sdwan-edge",
    "templateClass": "cedge",
    "configType": "template",
    "templateId": "42c01c2c-b916-45ee-8005-6d377ba5207c",
    "factoryDefault": true,
    "templateName": "Default_EQUINIX_DHCP_DNS_ICGW_CSR1000V_Template_V02",
    "devicesAttached": 0,
    "templateDescription": "Default DHCP DNS device template for Equinix Interconnect Gateway CSR1000V",
    "lastUpdatedOn": 1676331296007,
    "templateAttached": 11,
    "draftMode": "Disabled"
  },
  {
    "deviceType": "vedge-C8000V",
    "lastUpdatedBy": "system",
    "resourceGroup": "global",
    "deviceRole": "sdwan-edge",
    "templateClass": "cedge",
    "configType": "template",
    "templateId": "c8ff1845-2f41-4d37-aff6-cdd2512f0a69",
    "factoryDefault": true,
    "templateName": "Default_GCP_C8000V_Template_V01",
    "devicesAttached": 0,
    "templateDescription": "Default device template for GCP C8000V",
    "lastUpdatedOn": 1676331290217,
    "templateAttached": 10,
    "draftMode": "Disabled"
  },
  {
    "deviceType": "vedge-C8000V",
    "lastUpdatedBy": "system",
    "resourceGroup": "global",
    "deviceRole": "sdwan-edge",
    "templateClass": "cedge",
    "configType": "template",
    "templateId": "9cb3403e-5c0f-4a75-a8b7-fa08b5f1b2e9",
    "factoryDefault": true,
    "templateName": "Default_MEGAPORT_ICGW_C8000V_Template_V01",
    "devicesAttached": 0,
    "templateDescription": "Default device template for Megaport Interconnect Gateway C8000V",
    "lastUpdatedOn": 1676331292553,
    "templateAttached": 9,
    "draftMode": "Disabled"
  },
  {
    "deviceType": "vedge-C8000V",
    "lastUpdatedBy": "system",
    "resourceGroup": "global",
    "deviceRole": "sdwan-edge",
    "templateClass": "cedge",
    "configType": "template",
    "templateId": "f882c4dd-942c-4651-8dd1-8a87dcffab98",
    "factoryDefault": true,
    "templateName": "Default_SDBranch_C8000V_Template_V01",
    "devicesAttached": 0,
    "templateDescription": "Default device template for SD Branch C8000V",
    "lastUpdatedOn": 1676331284924,
    "templateAttached": 16,
    "draftMode": "Disabled"
  },
  {
    "deviceType": "vedge-ISRv",
    "lastUpdatedBy": "system",
    "resourceGroup": "global",
    "deviceRole": "sdwan-edge",
    "templateClass": "cedge",
    "configType": "template",
    "templateId": "1fffe2a7-0b50-4d9a-b11f-26950578890d",
    "factoryDefault": true,
    "templateName": "Default_SDBranch_ISRv_Template_V01",
    "devicesAttached": 0,
    "templateDescription": "Default device template for SD Branch ISRv",
    "lastUpdatedOn": 1676331293508,
    "templateAttached": 16,
    "draftMode": "Disabled"
  },
  {
    "deviceType": "vedge-cloud",
    "lastUpdatedBy": "system",
    "resourceGroup": "global",
    "deviceRole": "sdwan-edge",
    "templateClass": "vedge",
    "configType": "template",
    "templateId": "83796049-9e0e-42dd-b2bd-1fb8220d7856",
    "factoryDefault": true,
    "templateName": "Default_SDBranch_vEdge_cloud_Template_V01",
    "devicesAttached": 0,
    "templateDescription": "Default device template for SD Branch vedge cloud",
    "lastUpdatedOn": 1676331287683,
    "templateAttached": 14,
    "draftMode": "Disabled"
  },
  {
    "deviceType": "vedge-C8000V",
    "lastUpdatedBy": "system",
    "resourceGroup": "global",
    "deviceRole": "sdwan-edge",
    "templateClass": "cedge",
    "configType": "template",
    "templateId": "ff83c46f-2e28-42c2-a60d-ae8a903d4ffa",
    "factoryDefault": true,
    "templateName": "Factory_Default_1_TLOC_Branch_Template",
    "devicesAttached": 0,
    "templateDescription": "Factory Default 1 TLOC Branch Template for CSR C8000V",
    "lastUpdatedOn": 1630931987910,
    "templateAttached": 17,
    "draftMode": "Disabled"
  },
  {
    "deviceType": "vedge-C1111-8PLTELA",
    "lastUpdatedBy": "system",
    "resourceGroup": "global",
    "templateClass": "cedge",
    "configType": "template",
    "templateId": "d3872c47-5ffd-4b2e-8224-e9298fe80e55",
    "factoryDefault": true,
    "templateName": "Factory_Default_C1111_8PLTELA_V01",
    "devicesAttached": 0,
    "templateDescription": "Factory Default template for C1111-8PLTELA",
    "lastUpdatedOn": 1630927183194,
    "templateAttached": 15,
    "draftMode": "Disabled"
  },
  {
    "deviceType": "vedge-C8000V",
    "lastUpdatedBy": "system",
    "resourceGroup": "global",
    "deviceRole": "sdwan-edge",
    "templateClass": "cedge",
    "configType": "template",
    "templateId": "044bf8ad-99a2-49c9-9745-f4d4f0d4d199",
    "factoryDefault": true,
    "templateName": "Factory_Default_C8000V_V01",
    "devicesAttached": 0,
    "templateDescription": "Factory Default template for  C8000V",
    "lastUpdatedOn": 1676675913756,
    "templateAttached": 22,
    "draftMode": "Disabled"
  },
  {
    "deviceType": "vedge-CSR-1000v",
    "lastUpdatedBy": "system",
    "resourceGroup": "global",
    "templateClass": "cedge",
    "configType": "template",
    "templateId": "84b2499c-6ff7-495b-928b-e235adc6210d",
    "factoryDefault": true,
    "templateName": "Factory_Default_CSR_1000V_V01",
    "devicesAttached": 0,
    "templateDescription": "Factory Default template for CSR 1000V",
    "lastUpdatedOn": 1630927186468,
    "templateAttached": 22,
    "draftMode": "Disabled"
  },
  {
    "deviceType": "vedge-C8000V",
    "lastUpdatedBy": "system",
    "resourceGroup": "global",
    "deviceRole": "sdwan-edge",
    "templateClass": "cedge",
    "configType": "template",
    "templateId": "20c0314e-e306-4d06-96d1-9c7ee1fe45dc",
    "factoryDefault": true,
    "templateName": "Factory_Default_DC1_HUB",
    "devicesAttached": 0,
    "templateDescription": "Factory Default DC1 HUB for CSR C8000V",
    "lastUpdatedOn": 1630931992314,
    "templateAttached": 19,
    "draftMode": "Disabled"
  },
  {
    "deviceType": "vedge-ISR-4331",
    "lastUpdatedBy": "system",
    "resourceGroup": "global",
    "templateClass": "cedge",
    "configType": "template",
    "templateId": "ecfed882-9c8f-436d-ae46-b61b68cdb649",
    "factoryDefault": true,
    "templateName": "Factory_Default_ISR_4331_V01",
    "devicesAttached": 0,
    "templateDescription": "Factory Default template for ISR4331 device",
    "lastUpdatedOn": 1630927185010,
    "templateAttached": 14,
    "draftMode": "Disabled"
  },
  {
    "deviceType": "vedge-C8000V",
    "lastUpdatedBy": "admin",
    "resourceGroup": "global",
    "deviceRole": "sdwan-edge",
    "templateClass": "cedge",
    "configType": "template",
    "templateId": "6f33aec6-3e61-4eae-9a06-d687ad64a780",
    "factoryDefault": false,
    "templateName": "Site_1_and_2_cEdge_Template",
    "devicesAttached": 2,
    "templateDescription": "Site_1_and_2_cEdge_Template",
    "lastUpdatedOn": 1685313689856,
    "templateAttached": 14,
    "draftMode": "Disabled"
  },
  {
    "deviceType": "vedge-cloud",
    "lastUpdatedBy": "admin",
    "resourceGroup": "global",
    "deviceRole": "sdwan-edge",
    "templateClass": "vedge",
    "configType": "template",
    "templateId": "9ae53d3b-9ba8-458c-a743-e6e97abf1923",
    "factoryDefault": false,
    "templateName": "Site_3_vEdge_Template",
    "devicesAttached": 0,
    "templateDescription": "Site_3_vEdge_Template",
    "lastUpdatedOn": 1685313692296,
    "templateAttached": 13,
    "draftMode": "Disabled"
  }
]