[
  {
    "listId": "292153ba-8067-44e0-ab4b-c849cb41321f",
    "name": "Hub-list",
    "type": "site",
    "description": "Desc Not Required",
    "entries": [
      {
        "siteId": "100"
      }
    ],
    "lastUpdated": 1685313659941,
    "owner": "admin",
    "readOnly": false,
    "version": "0",
    "infoTag": "",
    "referenceCount": 1,
    "references": [
      {
        "id": "670895c1-ff41-418b-a832-d27db400da4a",
        "type": "hubAndSpoke"
      }
    ],
    "isActivatedByVsmart": false
  },
  {
    "listId": "ecddd009-3d9a-46e2-a8b0-4925668b94d2",
    "name": "Spokes-list",
    "type": "site",
    "description": "Desc Not Required",
    "entries": [
      {
        "siteId": "1001-1003"
      }
    ],
    "lastUpdated": 1685313660173,
    "owner": "admin",
    "readOnly": false,
    "version": "0",
    "infoTag": "",
    "referenceCount": 2,
    "references": [
      {
        "id": "d15fa302-1453-4ed8-9d21-19b4de3806cb",
        "type": ""
      },
      {
        "id": "670895c1-ff41-418b-a832-d27db400da4a",
        "type": "hubAndSpoke"
      }
    ],
    "isActivatedByVsmart": false
  }
]