[
  {
    "listId": "48e03041-bca0-4534-b6c9-465345c95186",
    "name": "APP_BULK_DATA",
    "type": "app",
    "description": "Bulk Data Applications List",
    "entries": [
      {
        "app": "ftp"
      },
      {
        "app": "ftp-data"
      },
      {
        "app": "cisco-jabber-im"
      },
      {
        "app": "netblt"
      },
      {
        "app": "rsync"
      }
    ],
    "lastUpdated": 1630931985909,
    "owner": "system",
    "readOnly": true,
    "version": "1.0",
    "infoTag": "",
    "referenceCount": 0,
    "references": [],
    "isActivatedByVsmart": false
  },
  {
    "listId": "afe7a508-d9ee-482f-8da6-55ec87c31a86",
    "name": "APP_Scavengers",
    "type": "app",
    "description": "Scavengers Applications List",
    "entries": [
      {
        "app": "apple-updates"
      },
      {
        "app": "apple-services"
      },
      {
        "app": "twitter"
      },
      {
        "app": "instagram"
      },
      {
        "app": "youtube"
      },
      {
        "app": "amazon-instant-video"
      }
    ],
    "lastUpdated": 1630931985281,
    "owner": "system",
    "readOnly": true,
    "version": "1.0",
    "infoTag": "",
    "referenceCount": 0,
    "references": [],
    "isActivatedByVsmart": false
  },
  {
    "listId": "f27baba1-1e58-44cf-ae54-d5cf528b7886",
    "name": "Google_Apps",
    "type": "app",
    "description": "Google Applications List",
    "entries": [
      {
        "app": "android-updates"
      },
      {
        "app": "blogger"
      },
      {
        "app": "chrome_update"
      },
      {
        "app": "gcs"
      },
      {
        "app": "gmail"
      },
      {
        "app": "gmail_basic"
      },
      {
        "app": "gmail_chat"
      },
      {
        "app": "gmail_drive"
      },
      {
        "app": "gmail_mobile"
      },
      {
        "app": "google-services"
      },
      {
        "app": "google-services-audio"
      },
      {
        "app": "google-services-media"
      },
      {
        "app": "google-services-video"
      },
      {
        "app": "google-accounts"
      },
      {
        "app": "google_accounts"
      },
      {
        "app": "google_ads"
      },
      {
        "app": "google_analytics"
      },
      {
        "app": "google_appengine"
      },
      {
        "app": "google_cache"
      },
      {
        "app": "google_calendar"
      },
      {
        "app": "google_code"
      },
      {
        "app": "google_desktop"
      },
      {
        "app": "google_docs"
      },
      {
        "app": "google-docs"
      },
      {
        "app": "google-downloads"
      },
      {
        "app": "google_earth"
      },
      {
        "app": "google-earth"
      },
      {
        "app": "google_groups"
      },
      {
        "app": "google_maps"
      },
      {
        "app": "google_photos"
      },
      {
        "app": "google_picasa"
      },
      {
        "app": "picasa"
      },
      {
        "app": "google-photos"
      },
      {
        "app": "google-play"
      },
      {
        "app": "google_plus"
      },
      {
        "app": "google-plus"
      },
      {
        "app": "google_safebrowsing"
      },
      {
        "app": "google_skymap"
      },
      {
        "app": "google_spaces"
      },
      {
        "app": "google_tags"
      },
      {
        "app": "google_toolbar"
      },
      {
        "app": "google_translate"
      },
      {
        "app": "google_trusted_store"
      },
      {
        "app": "google_weblight"
      },
      {
        "app": "googlebot"
      },
      {
        "app": "gstatic"
      },
      {
        "app": "gtalk"
      },
      {
        "app": "gtalk-chat"
      },
      {
        "app": "gtalk-ft"
      },
      {
        "app": "gtalk-video"
      },
      {
        "app": "gtalk-voip"
      },
      {
        "app": "hangouts"
      },
      {
        "app": "hangouts-audio"
      },
      {
        "app": "hangouts-chat"
      },
      {
        "app": "hangouts-file-transfer"
      },
      {
        "app": "hangouts-media"
      },
      {
        "app": "hangouts-video"
      },
      {
        "app": "youtube"
      },
      {
        "app": "youtube_hd"
      }
    ],
    "lastUpdated": 1676675912228,
    "owner": "system",
    "readOnly": true,
    "version": "4.4",
    "infoTag": "",
    "referenceCount": 0,
    "references": [],
    "isActivatedByVsmart": false
  },
  {
    "listId": "51d3cc91-672b-400f-8bd3-4e432c79cc62",
    "name": "Microsoft_Apps",
    "type": "app",
    "description": "Microsoft Applications List",
    "entries": [
      {
        "app": "bing"
      },
      {
        "app": "hockeyapp"
      },
      {
        "app": "live_hotmail"
      },
      {
        "app": "lync"
      },
      {
        "app": "lync_online"
      },
      {
        "app": "ms-services"
      },
      {
        "app": "ms_translator"
      },
      {
        "app": "ms-office-365"
      },
      {
        "app": "share-point"
      },
      {
        "app": "skydrive"
      },
      {
        "app": "skype"
      },
      {
        "app": "windows_azure"
      },
      {
        "app": "windows-azure"
      },
      {
        "app": "windows_update"
      },
      {
        "app": "windows_marketplace"
      },
      {
        "app": "windowslive"
      },
      {
        "app": "windowslivespace"
      },
      {
        "app": "windowsmedia"
      },
      {
        "app": "xbox"
      },
      {
        "app": "xbox_music"
      },
      {
        "app": "xbox_video"
      },
      {
        "app": "xboxlive"
      },
      {
        "app": "xboxlive_marketplace"
      },
      {
        "app": "word_online"
      },
      {
        "app": "powerpoint_online"
      },
      {
        "app": "ms-lync"
      },
      {
        "app": "ms-lync-audio"
      },
      {
        "app": "ms-lync-control"
      },
      {
        "app": "ms-lync-video"
      },
      {
        "app": "ms-update"
      },
      {
        "app": "outlook-web-service"
      }
    ],
    "lastUpdated": 1676331283661,
    "owner": "system",
    "readOnly": true,
    "version": "4.2",
    "infoTag": "",
    "referenceCount": 0,
    "references": [],
    "isActivatedByVsmart": false
  },
  {
    "listId": "0c4be900-b9d7-4e80-8f6e-6964d802de25",
    "name": "REAL_TIME_APPS",
    "type": "app",
    "description": "Real Time Applications List",
    "entries": [
      {
        "app": "sip"
      },
      {
        "app": "rtp"
      },
      {
        "app": "skinny"
      }
    ],
    "lastUpdated": 1630931984702,
    "owner": "system",
    "readOnly": true,
    "version": "1.0",
    "infoTag": "",
    "referenceCount": 0,
    "references": [],
    "isActivatedByVsmart": false
  },
  {
    "listId": "cd6fc3f8-e027-40b9-95f2-3f1ed091cdac",
    "name": "VIDEO_CONF",
    "type": "app",
    "description": "Video Conference Applications List",
    "entries": [
      {
        "app": "rtp"
      }
    ],
    "lastUpdated": 1630931986653,
    "owner": "system",
    "readOnly": true,
    "version": "1.0",
    "infoTag": "",
    "referenceCount": 0,
    "references": [],
    "isActivatedByVsmart": false
  },
  {
    "listId": "37703a4c-a8a9-4256-b1e2-c83b8bc9769b",
    "name": "WEB_TOOLS_APP",
    "type": "app",
    "description": "Web Tools Applications List",
    "entries": [
      {
        "app": "http"
      },
      {
        "app": "https"
      },
      {
        "app": "sshell"
      }
    ],
    "lastUpdated": 1630931986812,
    "owner": "system",
    "readOnly": true,
    "version": "1.0",
    "infoTag": "",
    "referenceCount": 0,
    "references": [],
    "isActivatedByVsmart": false
  },
  {
    "listId": "e3c3c7f4-53c1-48bf-ae8c-cdb217712c73",
    "name": "amazon_aws_apps",
    "type": "app",
    "description": "SaaS App List for Amazon AWS",
    "entries": [
      {
        "app": "amazon"
      },
      {
        "app": "amazon-web-services"
      },
      {
        "app": "amazon-instant-video"
      },
      {
        "app": "amazon-cloudfront"
      },
      {
        "app": "amazon-ec2"
      },
      {
        "app": "amazon-s3"
      }
    ],
    "lastUpdated": 1587243930161,
    "owner": "system",
    "readOnly": true,
    "version": "3.0",
    "infoTag": "",
    "referenceCount": 0,
    "references": [],
    "isActivatedByVsmart": false
  },
  {
    "listId": "482f9f39-759e-4f3b-a0c2-2e97e8da763b",
    "name": "box_net_apps",
    "type": "app",
    "description": "SaaS App List for Box Net",
    "entries": [
      {
        "app": "box"
      }
    ],
    "lastUpdated": 1587243931018,
    "owner": "system",
    "readOnly": true,
    "version": "2.0",
    "infoTag": "",
    "referenceCount": 0,
    "references": [],
    "isActivatedByVsmart": false
  },
  {
    "listId": "2f608d6a-9449-4551-b4c5-55d603569b43",
    "name": "concur_apps",
    "type": "app",
    "description": "SaaS App List for Concur",
    "entries": [
      {
        "app": "concur"
      }
    ],
    "lastUpdated": 1587243930012,
    "owner": "system",
    "readOnly": true,
    "version": "3.0",
    "infoTag": "",
    "referenceCount": 0,
    "references": [],
    "isActivatedByVsmart": false
  },
  {
    "listId": "e8dea311-1d18-4553-b23a-1f23145fabf5",
    "name": "dropbox_apps",
    "type": "app",
    "description": "SaaS App List for Dropbox",
    "entries": [
      {
        "app": "dropbox"
      }
    ],
    "lastUpdated": 1587243931190,
    "owner": "system",
    "readOnly": true,
    "version": "2.0",
    "infoTag": "",
    "referenceCount": 0,
    "references": [],
    "isActivatedByVsmart": false
  },
  {
    "listId": "a34016d0-e349-41df-a426-fd8a7be4ea99",
    "name": "gotomeeting_apps",
    "type": "app",
    "description": "SaaS App List for Gotomeeting",
    "entries": [
      {
        "app": "citrix"
      },
      {
        "app": "gotomeeting"
      }
    ],
    "lastUpdated": 1587243929580,
    "owner": "system",
    "readOnly": true,
    "version": "3.0",
    "infoTag": "",
    "referenceCount": 0,
    "references": [],
    "isActivatedByVsmart": false
  },
  {
    "listId": "b62881fd-a4cd-4014-9f51-2ea727972052",
    "name": "intuit_apps",
    "type": "app",
    "description": "SaaS App List for Intuit",
    "entries": [
      {
        "app": "intuit"
      }
    ],
    "lastUpdated": 1587243929392,
    "owner": "system",
    "readOnly": true,
    "version": "3.0",
    "infoTag": "",
    "referenceCount": 0,
    "references": [],
    "isActivatedByVsmart": false
  },
  {
    "listId": "6f16ef77-6e5e-41dc-93fb-d872f57a1813",
    "name": "office365_apps",
    "type": "app",
    "description": "SaaS App List for Office365",
    "entries": [
      {
        "app": "ms-live-accounts"
      },
      {
        "app": "ms-lync"
      },
      {
        "app": "ms-lync-audio"
      },
      {
        "app": "ms-lync-control"
      },
      {
        "app": "ms-lync-video"
      },
      {
        "app": "ms-office-365"
      },
      {
        "app": "ms-office-web-apps"
      },
      {
        "app": "ms-services"
      },
      {
        "app": "ms-teams"
      },
      {
        "app": "ms-teams-audio"
      },
      {
        "app": "ms-teams-media"
      },
      {
        "app": "ms-teams-video"
      },
      {
        "app": "ms-update"
      },
      {
        "app": "outlook-web-service"
      },
      {
        "app": "share-point"
      },
      {
        "app": "skydrive"
      },
      {
        "app": "skype"
      }
    ],
    "lastUpdated": 1587243930856,
    "owner": "system",
    "readOnly": true,
    "version": "3.0",
    "infoTag": "",
    "referenceCount": 0,
    "references": [],
    "isActivatedByVsmart": false
  },
  {
    "listId": "a1931fac-b9b6-45a5-a655-13f07e0537e3",
    "name": "oracle_apps",
    "type": "app",
    "description": "SaaS App List for Oracle",
    "entries": [
      {
        "app": "oracle"
      },
      {
        "app": "oracle-bi"
      },
      {
        "app": "oracle-ebsuite-unsecured"
      },
      {
        "app": "oracle-sqlnet"
      },
      {
        "app": "oraclenames"
      },
      {
        "app": "oraclenet8cman"
      }
    ],
    "lastUpdated": 1587243931385,
    "owner": "system",
    "readOnly": true,
    "version": "3.1",
    "infoTag": "",
    "referenceCount": 0,
    "references": [],
    "isActivatedByVsmart": false
  },
  {
    "listId": "8063c926-e055-4ca6-b5cf-223a6380961c",
    "name": "outlook-app-list",
    "type": "app",
    "description": "Desc Not Required",
    "entries": [
      {
        "app": "outlook-web-service"
      }
    ],
    "lastUpdated": 1676331284348,
    "owner": "system",
    "readOnly": false,
    "version": "0",
    "infoTag": "",
    "referenceCount": 1,
    "references": [
      {
        "id": "fa3a630f-7390-4151-9d40-02f7f63eb5cf",
        "type": "appRoute"
      }
    ],
    "isActivatedByVsmart": false
  },
  {
    "listId": "ad11e1d6-9f69-4016-8246-8bfb6de70395",
    "name": "salesforce_apps",
    "type": "app",
    "description": "SaaS App List for Salesforce",
    "entries": [
      {
        "app": "salesforce"
      }
    ],
    "lastUpdated": 1587243929168,
    "owner": "system",
    "readOnly": true,
    "version": "2.0",
    "infoTag": "",
    "referenceCount": 0,
    "references": [],
    "isActivatedByVsmart": false
  },
  {
    "listId": "46919654-0722-4c45-80b0-c0af4046f2af",
    "name": "sugar_crm_apps",
    "type": "app",
    "description": "SaaS App List for Sugar CRM",
    "entries": [
      {
        "app": "sugarcrm"
      }
    ],
    "lastUpdated": 1587243929888,
    "owner": "system",
    "readOnly": true,
    "version": "3.0",
    "infoTag": "",
    "referenceCount": 0,
    "references": [],
    "isActivatedByVsmart": false
  },
  {
    "listId": "758c8e89-e74b-4a01-a022-ed52844b3df6",
    "name": "webex_apps",
    "type": "app",
    "description": "SaaS App List for Webex",
    "entries": [
      {
        "app": "cisco-collab-audio"
      },
      {
        "app": "cisco-collab-video"
      },
      {
        "app": "cisco-collaboration"
      },
      {
        "app": "cisco-collab-control"
      },
      {
        "app": "cisco-spark"
      },
      {
        "app": "cisco-spark-audio"
      },
      {
        "app": "cisco-spark-media"
      },
      {
        "app": "cisco-spark-video"
      },
      {
        "app": "webex-app-sharing"
      },
      {
        "app": "webex-audio"
      },
      {
        "app": "webex-control"
      },
      {
        "app": "webex-media"
      },
      {
        "app": "webex-meeting"
      },
      {
        "app": "webex-video"
      }
    ],
    "lastUpdated": 1676675912727,
    "owner": "system",
    "readOnly": true,
    "version": "1.1",
    "infoTag": "",
    "referenceCount": 0,
    "references": [],
    "isActivatedByVsmart": false
  },
  {
    "listId": "290d6c9b-2143-40cf-82e0-72125bd5fa66",
    "name": "zendesk_apps",
    "type": "app",
    "description": "SaaS App List for Zendesk",
    "entries": [
      {
        "app": "zendesk"
      }
    ],
    "lastUpdated": 1587243930299,
    "owner": "system",
    "readOnly": true,
    "version": "2.0",
    "infoTag": "",
    "referenceCount": 0,
    "references": [],
    "isActivatedByVsmart": false
  },
  {
    "listId": "ae697ded-5c85-456e-9112-5c46fc0031e6",
    "name": "zoho_crm_apps",
    "type": "app",
    "description": "SaaS App List for Zoho CRM",
    "entries": [
      {
        "app": "zoho-services"
      }
    ],
    "lastUpdated": 1587243929721,
    "owner": "system",
    "readOnly": true,
    "version": "3.0",
    "infoTag": "",
    "referenceCount": 0,
    "references": [],
    "isActivatedByVsmart": false
  }
]