[
  {
    "mastersAttached": 0,
    "lastUpdatedBy": "admin",
    "policyName": "App-Visibility",
    "policyDefinitionEdit": "{\"assembly\":[],\"settings\":{\"appVisibility\":true}}",
    "policyDefinition": "{\"assembly\":[],\"settings\":{\"appVisibility\":true}}",
    "createdOn": 1685313663026,
    "policyDescription": "App-Visibility",
    "@rid": 1527,
    "policyId": "3c963182-5de5-4bb9-975b-ca95fad48013",
    "createdBy": "admin",
    "devicesAttached": 0,
    "policyType": "feature",
    "lastUpdatedOn": 1685313663026
  }
]