[
  {
    "lastUpdatedBy": "admin",
    "policyVersion": "05282023T224104496",
    "policyName": "Corp-vSmart-Policy",
    "policyDefinition": "{\"assembly\":[{\"type\":\"appRoute\",\"entries\":[{\"siteLists\":[\"ecddd009-3d9a-46e2-a8b0-4925668b94d2\"],\"vpnLists\":[\"8e847ee4-f6ea-4d5d-b6f1-1bef97e9b2df\"]}],\"definitionId\":\"fa3a630f-7390-4151-9d40-02f7f63eb5cf\"},{\"type\":\"hubAndSpoke\",\"definitionId\":\"670895c1-ff41-418b-a832-d27db400da4a\"}]}",
    "createdOn": 1685313664496,
    "isPolicyActivated": false,
    "policyDescription": "Corp-vSmart-Policy",
    "@rid": 1537,
    "policyId": "d15fa302-1453-4ed8-9d21-19b4de3806cb",
    "createdBy": "admin",
    "policyType": "feature",
    "lastUpdatedOn": 1685313664496
  }
]