[
  {
    "listId": "bcdbeef7-337f-4cad-a777-e1d0d0576438",
    "name": "Browsing",
    "type": "localApp",
    "description": "Local App List for Browsing",
    "entries": [
      {
        "app": "netflix"
      }
    ],
    "lastUpdated": 1630931985107,
    "owner": "system",
    "readOnly": true,
    "version": "1.0",
    "infoTag": "",
    "referenceCount": 0,
    "references": [],
    "isActivatedByVsmart": false
  },
  {
    "listId": "b6ca8202-cd1d-4dd4-8e36-3ad0bab7b5fd",
    "name": "ICMP",
    "type": "localApp",
    "description": "Local App List for ICMP",
    "entries": [
      {
        "app": "icmp"
      }
    ],
    "lastUpdated": 1630931986466,
    "owner": "system",
    "readOnly": true,
    "version": "1.0",
    "infoTag": "",
    "referenceCount": 0,
    "references": [],
    "isActivatedByVsmart": false
  },
  {
    "listId": "1340f9e1-9744-491c-8e90-955c245b0ecb",
    "name": "Yahoo",
    "type": "localApp",
    "description": "Local App List for Yahoo",
    "entries": [
      {
        "app": "yahoo"
      },
      {
        "app": "yahoo-messenger-video"
      }
    ],
    "lastUpdated": 1630931985515,
    "owner": "system",
    "readOnly": true,
    "version": "1.0",
    "infoTag": "",
    "referenceCount": 0,
    "references": [],
    "isActivatedByVsmart": false
  }
]