[
  {
    "listId": "8e847ee4-f6ea-4d5d-b6f1-1bef97e9b2df",
    "name": "Corp-VPN-List",
    "type": "vpn",
    "description": "Desc Not Required",
    "entries": [
      {
        "vpn": "1"
      }
    ],
    "lastUpdated": 1685313660656,
    "owner": "admin",
    "readOnly": false,
    "version": "0",
    "infoTag": "",
    "referenceCount": 2,
    "references": [
      {
        "id": "d15fa302-1453-4ed8-9d21-19b4de3806cb",
        "type": ""
      },
      {
        "id": "670895c1-ff41-418b-a832-d27db400da4a",
        "type": "hubAndSpoke"
      }
    ],
    "isActivatedByVsmart": false
  }
]