[
  {
    "listId": "f2756743-a7e6-4ad0-a8b8-944d987f58c1",
    "name": "Best-Effort",
    "type": "sla",
    "description": "Best Effort SLA",
    "entries": [
      {
        "jitter": "500",
        "latency": "500",
        "loss": "5"
      }
    ],
    "lastUpdated": 1630931986297,
    "owner": "system",
    "readOnly": false,
    "version": "1.0",
    "infoTag": "",
    "referenceCount": 0,
    "references": [],
    "isActivatedByVsmart": false
  },
  {
    "listId": "71f2f51a-2219-41c7-8ffa-9ec703829bbb",
    "name": "Bulk-Data",
    "type": "sla",
    "description": "ACI Bulk Data SLA",
    "entries": [
      {
        "jitter": "100",
        "latency": "300",
        "loss": "10"
      }
    ],
    "lastUpdated": 1587243928897,
    "owner": "system",
    "readOnly": false,
    "version": "1.0",
    "infoTag": "aci",
    "referenceCount": 0,
    "references": [],
    "isActivatedByVsmart": false
  },
  {
    "listId": "debe918c-b9d8-4e80-8568-c77fb8b6e71b",
    "name": "Business-Critical",
    "type": "sla",
    "description": "Business Critical SLA",
    "entries": [
      {
        "jitter": "100",
        "latency": "250",
        "loss": "1"
      }
    ],
    "lastUpdated": 1630931985721,
    "owner": "system",
    "readOnly": false,
    "version": "1.0",
    "infoTag": "",
    "referenceCount": 0,
    "references": [],
    "isActivatedByVsmart": false
  },
  {
    "listId": "d4c8c396-9018-4c22-9b83-5f106e49953f",
    "name": "Business-Data",
    "type": "sla",
    "description": "Business Data SLA",
    "entries": [
      {
        "jitter": "200",
        "latency": "350",
        "loss": "3"
      }
    ],
    "lastUpdated": 1630931984940,
    "owner": "system",
    "readOnly": false,
    "version": "1.0",
    "infoTag": "",
    "referenceCount": 0,
    "references": [],
    "isActivatedByVsmart": false
  },
  {
    "listId": "746026c9-a4fa-4a41-a1ac-7937535b3326",
    "name": "Default",
    "type": "sla",
    "description": "ACI Default SLA",
    "entries": [
      {
        "jitter": "100",
        "latency": "300",
        "loss": "25"
      }
    ],
    "lastUpdated": 1587243928155,
    "owner": "system",
    "readOnly": false,
    "version": "1.0",
    "infoTag": "aci",
    "referenceCount": 0,
    "references": [],
    "isActivatedByVsmart": false
  },
  {
    "listId": "23d01c3e-ea22-4406-945f-0a67b02af9dd",
    "name": "Outlook-SLA-Class",
    "type": "sla",
    "description": "Desc Not Required",
    "entries": [
      {
        "latency": "300",
        "loss": "2",
        "jitter": "2"
      }
    ],
    "lastUpdated": 1685313659386,
    "owner": "admin",
    "readOnly": false,
    "version": "0",
    "infoTag": "",
    "referenceCount": 1,
    "references": [
      {
        "id": "fa3a630f-7390-4151-9d40-02f7f63eb5cf",
        "type": "appRoute"
      }
    ],
    "isActivatedByVsmart": false
  },
  {
    "listId": "b45a3c60-6eef-4301-b000-d586c36691ce",
    "name": "Realtime",
    "type": "sla",
    "description": "Realtime SLA",
    "entries": [
      {
        "jitter": "30",
        "latency": "150",
        "loss": "1"
      }
    ],
    "lastUpdated": 1630931986106,
    "owner": "system",
    "readOnly": false,
    "version": "1.0",
    "infoTag": "",
    "referenceCount": 0,
    "references": [],
    "isActivatedByVsmart": false
  },
  {
    "listId": "1c0030cd-0e9a-446f-b6a5-a0a38795045c",
    "name": "Transactional-Data",
    "type": "sla",
    "description": "ACI Transactional Data SLA",
    "entries": [
      {
        "jitter": "100",
        "latency": "50",
        "loss": "5"
      }
    ],
    "lastUpdated": 1587243930533,
    "owner": "system",
    "readOnly": false,
    "version": "1.0",
    "infoTag": "aci",
    "referenceCount": 0,
    "references": [],
    "isActivatedByVsmart": false
  },
  {
    "listId": "7f916737-02dc-4ff9-a14b-5da0737a0e8a",
    "name": "Voice-And-Video",
    "type": "sla",
    "description": "ACI Voice And Video SLA",
    "entries": [
      {
        "jitter": "100",
        "latency": "45",
        "loss": "2"
      }
    ],
    "lastUpdated": 1587243928699,
    "owner": "system",
    "readOnly": false,
    "version": "1.0",
    "infoTag": "aci",
    "referenceCount": 0,
    "references": [],
    "isActivatedByVsmart": false
  }
]