{
  "header": {
    "generatedOn": 1685322151305,
    "columns": [
      {
        "property": "csv-status",
        "title": "Status",
        "toolTip": "Input status",
        "hideable": false,
        "dataType": "string",
        "editable": false,
        "isDisplay": true,
        "isLeftPinned": true,
        "minWidth": 30,
        "width": 30,
        "display": "icon",
        "iconProperty": "csv-status",
        "icon": [
          {
            "key": "complete",
            "value": "images/template_complete.png"
          },
          {
            "key": "in_complete",
            "value": "images/template_in_complete.png"
          }
        ]
      },
      {
        "property": "csv-deviceId",
        "title": "Chassis Number",
        "toolTip": "UUID: csv-deviceId",
        "hideable": false,
        "dataType": "string",
        "editable": false,
        "isDisplay": true,
        "isLeftPinned": true,
        "objectType": "object",
        "templateType": "None",
        "values": false,
        "optional": false,
        "width": 280
      },
      {
        "property": "csv-deviceIP",
        "title": "System IP",
        "toolTip": "Device IP: csv-deviceIP",
        "hideable": false,
        "dataType": "string",
        "editable": false,
        "isDisplay": true,
        "isLeftPinned": true,
        "objectType": "object",
        "templateType": "None",
        "values": false,
        "optional": false,
        "width": 100
      },
      {
        "property": "csv-host-name",
        "title": "Hostname",
        "toolTip": "Host name: csv-host-name",
        "hideable": false,
        "dataType": "string",
        "editable": false,
        "isDisplay": true,
        "isLeftPinned": true,
        "objectType": "object",
        "templateType": "None",
        "values": false,
        "optional": false,
        "width": 180
      },
      {
        "property": "/1/vpn-instance/ip/route/0.0.0.0/0/next-hop/vpn_1_next_hop_ip_address/address",
        "title": "Address(vpn_1_next_hop_ip_address)",
        "toolTip": "IP Address: /1/vpn-instance/ip/route/0.0.0.0/0/next-hop/vpn_1_next_hop_ip_address/address",
        "hideable": false,
        "dataType": "string",
        "editable": true,
        "isDisplay": true,
        "isLeftPinned": false,
        "objectType": "object",
        "templateType": "cisco_vpn",
        "values": false,
        "optional": false,
        "width": 100
      },
      {
        "property": "/1/vpn_1_if_name/interface/if-name",
        "title": "Interface Name(vpn_1_if_name)",
        "toolTip": "Interface name: ge0/<0-..> or ge0/<0-..>.vlanid or irb<bridgeid:1-63> or loopback<string> or natpool-<1..31> when present: /1/vpn_1_if_name/interface/if-name",
        "hideable": false,
        "dataType": "string",
        "editable": true,
        "isDisplay": true,
        "isLeftPinned": false,
        "objectType": "object",
        "templateType": "cisco_vpn_interface",
        "values": false,
        "optional": false,
        "width": 100
      },
      {
        "property": "/1/vpn_1_if_name/interface/description",
        "title": "Description(vpn_1_if_description)",
        "toolTip": "Interface description: /1/vpn_1_if_name/interface/description",
        "hideable": false,
        "dataType": "string",
        "editable": true,
        "isDisplay": true,
        "isLeftPinned": false,
        "objectType": "object",
        "templateType": "cisco_vpn_interface",
        "values": false,
        "optional": false,
        "width": 100
      },
      {
        "property": "/1/vpn_1_if_name/interface/ip/address",
        "title": "IPv4 Address/ prefix-length(vpn_1_if_ipv4_address)",
        "toolTip": "Assign IPv4 address: /1/vpn_1_if_name/interface/ip/address",
        "hideable": false,
        "dataType": "ipv4-prefix",
        "editable": true,
        "isDisplay": true,
        "isLeftPinned": false,
        "objectType": "object",
        "templateType": "cisco_vpn_interface",
        "values": false,
        "optional": false,
        "width": 100
      },
      {
        "property": "/512/vpn-instance/ip/route/0.0.0.0/0/next-hop/vpn_512_next_hop_ip_address/address",
        "title": "Address(vpn_512_next_hop_ip_address)",
        "toolTip": "IP Address: /512/vpn-instance/ip/route/0.0.0.0/0/next-hop/vpn_512_next_hop_ip_address/address",
        "hideable": false,
        "dataType": "string",
        "editable": true,
        "isDisplay": true,
        "isLeftPinned": false,
        "objectType": "object",
        "templateType": "cisco_vpn",
        "values": false,
        "optional": false,
        "width": 100
      },
      {
        "property": "/512/vpn_512_if_name/interface/if-name",
        "title": "Interface Name(vpn_512_if_name)",
        "toolTip": "Interface name: ge0/<0-..> or ge0/<0-..>.vlanid or irb<bridgeid:1-63> or loopback<string> or natpool-<1..31> when present: /512/vpn_512_if_name/interface/if-name",
        "hideable": false,
        "dataType": "string",
        "editable": true,
        "isDisplay": true,
        "isLeftPinned": false,
        "objectType": "object",
        "templateType": "cisco_vpn_interface",
        "values": false,
        "optional": false,
        "width": 100
      },
      {
        "property": "/512/vpn_512_if_name/interface/description",
        "title": "Description(vpn_512_if_description)",
        "toolTip": "Interface description: /512/vpn_512_if_name/interface/description",
        "hideable": false,
        "dataType": "string",
        "editable": true,
        "isDisplay": true,
        "isLeftPinned": false,
        "objectType": "object",
        "templateType": "cisco_vpn_interface",
        "values": false,
        "optional": false,
        "width": 100
      },
      {
        "property": "/512/vpn_512_if_name/interface/ip/address",
        "title": "IPv4 Address/ prefix-length(vpn_512_if_ipv4_address)",
        "toolTip": "Assign IPv4 address: /512/vpn_512_if_name/interface/ip/address",
        "hideable": false,
        "dataType": "ipv4-prefix",
        "editable": true,
        "isDisplay": true,
        "isLeftPinned": false,
        "objectType": "object",
        "templateType": "cisco_vpn_interface",
        "values": false,
        "optional": false,
        "width": 100
      },
      {
        "property": "/0/vpn-instance/ip/route/0.0.0.0/0/next-hop/vpn_0_next_hop_ip_address/address",
        "title": "Address(vpn_0_next_hop_ip_address)",
        "toolTip": "IP Address: /0/vpn-instance/ip/route/0.0.0.0/0/next-hop/vpn_0_next_hop_ip_address/address",
        "hideable": false,
        "dataType": "string",
        "editable": true,
        "isDisplay": true,
        "isLeftPinned": false,
        "objectType": "object",
        "templateType": "cisco_vpn",
        "values": false,
        "optional": false,
        "width": 100
      },
      {
        "property": "/0/vpn-instance/ip/route/0.0.0.0/0/next-hop/public_internet_0_vpn_next_hop_ip_addres/address",
        "title": "Address(public_internet_0_vpn_next_hop_ip_addres)",
        "toolTip": "IP Address: /0/vpn-instance/ip/route/0.0.0.0/0/next-hop/public_internet_0_vpn_next_hop_ip_addres/address",
        "hideable": false,
        "dataType": "string",
        "editable": true,
        "isDisplay": true,
        "isLeftPinned": false,
        "objectType": "object",
        "templateType": "cisco_vpn",
        "values": false,
        "optional": false,
        "width": 100
      },
      {
        "property": "/0/public_internet_vpn_0_if_name/interface/if-name",
        "title": "Interface Name(public_internet_vpn_0_if_name)",
        "toolTip": "Interface name: ge0/<0-..> or ge0/<0-..>.vlanid or irb<bridgeid:1-63> or loopback<string> or natpool-<1..31> when present: /0/public_internet_vpn_0_if_name/interface/if-name",
        "hideable": false,
        "dataType": "string",
        "editable": true,
        "isDisplay": true,
        "isLeftPinned": false,
        "objectType": "object",
        "templateType": "cisco_vpn_interface",
        "values": false,
        "optional": false,
        "width": 100
      },
      {
        "property": "/0/public_internet_vpn_0_if_name/interface/description",
        "title": "Description(public_internet_vpn_0_if_description)",
        "toolTip": "Interface description: /0/public_internet_vpn_0_if_name/interface/description",
        "hideable": false,
        "dataType": "string",
        "editable": true,
        "isDisplay": true,
        "isLeftPinned": false,
        "objectType": "object",
        "templateType": "cisco_vpn_interface",
        "values": false,
        "optional": false,
        "width": 100
      },
      {
        "property": "/0/public_internet_vpn_0_if_name/interface/ip/address",
        "title": "IPv4 Address/ prefix-length(public_internet_vpn_0_if_ipv4_address)",
        "toolTip": "Assign IPv4 address: /0/public_internet_vpn_0_if_name/interface/ip/address",
        "hideable": false,
        "dataType": "ipv4-prefix",
        "editable": true,
        "isDisplay": true,
        "isLeftPinned": false,
        "objectType": "object",
        "templateType": "cisco_vpn_interface",
        "values": false,
        "optional": false,
        "width": 100
      },
      {
        "property": "/0/vpn_0_if_name/interface/if-name",
        "title": "Interface Name(vpn_0_if_name)",
        "toolTip": "Interface name: ge0/<0-..> or ge0/<0-..>.vlanid or irb<bridgeid:1-63> or loopback<string> or natpool-<1..31> when present: /0/vpn_0_if_name/interface/if-name",
        "hideable": false,
        "dataType": "string",
        "editable": true,
        "isDisplay": true,
        "isLeftPinned": false,
        "objectType": "object",
        "templateType": "cisco_vpn_interface",
        "values": false,
        "optional": false,
        "width": 100
      },
      {
        "property": "/0/vpn_0_if_name/interface/description",
        "title": "Description(vpn_0_if_description)",
        "toolTip": "Interface description: /0/vpn_0_if_name/interface/description",
        "hideable": false,
        "dataType": "string",
        "editable": true,
        "isDisplay": true,
        "isLeftPinned": false,
        "objectType": "object",
        "templateType": "cisco_vpn_interface",
        "values": false,
        "optional": false,
        "width": 100
      },
      {
        "property": "/0/vpn_0_if_name/interface/ip/address",
        "title": "IPv4 Address/ prefix-length(vpn_0_if_ipv4_address)",
        "toolTip": "Assign IPv4 address: /0/vpn_0_if_name/interface/ip/address",
        "hideable": false,
        "dataType": "ipv4-prefix",
        "editable": true,
        "isDisplay": true,
        "isLeftPinned": false,
        "objectType": "object",
        "templateType": "cisco_vpn_interface",
        "values": false,
        "optional": false,
        "width": 100
      },
      {
        "property": "//system/host-name",
        "title": "Hostname(system_host_name)",
        "toolTip": "Set the hostname: //system/host-name",
        "hideable": false,
        "dataType": "string",
        "editable": true,
        "isDisplay": true,
        "isLeftPinned": false,
        "objectType": "object",
        "templateType": "cisco_system",
        "values": false,
        "optional": false,
        "width": 100
      },
      {
        "property": "//system/gps-location/latitude",
        "title": "Latitude(system_latitude)",
        "toolTip": "Set the device\u2019s physical latitude: //system/gps-location/latitude",
        "hideable": false,
        "dataType": "float",
        "editable": true,
        "isDisplay": true,
        "isLeftPinned": false,
        "objectType": "object",
        "templateType": "cisco_system",
        "values": false,
        "optional": false,
        "width": 100
      },
      {
        "property": "//system/gps-location/longitude",
        "title": "Longitude(system_longitude)",
        "toolTip": "Set the device\u2019s physical longitude: //system/gps-location/longitude",
        "hideable": false,
        "dataType": "float",
        "editable": true,
        "isDisplay": true,
        "isLeftPinned": false,
        "objectType": "object",
        "templateType": "cisco_system",
        "values": false,
        "optional": false,
        "width": 100
      },
      {
        "property": "//system/system-ip",
        "title": "System IP(system_system_ip)",
        "toolTip": "Set the system IP address: //system/system-ip",
        "hideable": false,
        "dataType": "string",
        "editable": true,
        "isDisplay": true,
        "isLeftPinned": false,
        "objectType": "object",
        "templateType": "cisco_system",
        "values": false,
        "optional": false,
        "width": 100
      },
      {
        "property": "//system/site-id",
        "title": "Site ID(system_site_id)",
        "toolTip": "Set the site identifier: //system/site-id",
        "hideable": false,
        "dataType": "number",
        "editable": true,
        "isDisplay": true,
        "isLeftPinned": false,
        "objectType": "object",
        "templateType": "cisco_system",
        "values": false,
        "optional": false,
        "width": 100
      }
    ],
    "templateVariableCount": 21,
    "fields": {}
  },
  "data": [
    {
      "csv-status": "complete",
      "csv-deviceId": "C8K-E2D91A30-814B-F22D-4E7B-7D39BE74EE32",
      "csv-deviceIP": "10.10.1.11",
      "csv-host-name": "dc-cedge01",
      "/512/vpn_512_if_name/interface/description": "port.sbx-mgmt",
      "/0/vpn_0_if_name/interface/if-name": "GigabitEthernet2",
      "/512/vpn-instance/ip/route/0.0.0.0/0/next-hop/vpn_512_next_hop_ip_address/address": "10.10.20.254",
      "/0/public_internet_vpn_0_if_name/interface/if-name": "GigabitEthernet4",
      "//system/gps-location/latitude": "37.411",
      "/1/vpn_1_if_name/interface/ip/address": "10.10.20.182/24",
      "//system/site-id": "100",
      "/512/vpn_512_if_name/interface/ip/address": "10.10.20.172/24",
      "/0/vpn_0_if_name/interface/description": "GigabitEthernet2.wan-rtr01",
      "/1/vpn-instance/ip/route/0.0.0.0/0/next-hop/vpn_1_next_hop_ip_address/address": "10.10.20.254",
      "//system/host-name": "dc-cedge01",
      "//system/gps-location/longitude": "-121.932",
      "/0/public_internet_vpn_0_if_name/interface/ip/address": "10.10.23.38/30",
      "/0/vpn_0_if_name/interface/ip/address": "10.10.23.6/30",
      "//system/system-ip": "10.10.1.11",
      "/1/vpn_1_if_name/interface/if-name": "GigabitEthernet3",
      "/0/vpn-instance/ip/route/0.0.0.0/0/next-hop/public_internet_0_vpn_next_hop_ip_addres/address": "10.10.23.37",
      "/512/vpn_512_if_name/interface/if-name": "GigabitEthernet1",
      "/0/vpn-instance/ip/route/0.0.0.0/0/next-hop/vpn_0_next_hop_ip_address/address": "10.10.23.5",
      "/0/public_internet_vpn_0_if_name/interface/description": "internet-link",
      "/1/vpn_1_if_name/interface/description": "port.dc-phys"
    }
  ]
}