{
  "header": {
    "generatedOn": 1685322148871,
    "templateVariableCount": 0,
    "columns": [
      {
        "property": "csv-status",
        "title": "Status",
        "toolTip": "Input status",
        "hideable": false,
        "dataType": "string",
        "editable": false,
        "isDisplay": true,
        "isLeftPinned": true,
        "minWidth": 30,
        "width": 30,
        "display": "icon",
        "iconProperty": "csv-status",
        "icon": [
          {
            "key": "complete",
            "value": "images/template_complete.png"
          },
          {
            "key": "in_complete",
            "value": "images/template_in_complete.png"
          }
        ]
      },
      {
        "property": "csv-deviceId",
        "title": "Chassis Number",
        "toolTip": "UUID: csv-deviceId",
        "hideable": false,
        "dataType": "string",
        "editable": false,
        "isDisplay": true,
        "isLeftPinned": true,
        "objectType": "object",
        "templateType": "None",
        "values": false,
        "optional": false,
        "width": 280
      },
      {
        "property": "csv-deviceIP",
        "title": "System IP",
        "toolTip": "Device IP: csv-deviceIP",
        "hideable": false,
        "dataType": "string",
        "editable": false,
        "isDisplay": true,
        "isLeftPinned": true,
        "objectType": "object",
        "templateType": "None",
        "values": false,
        "optional": false,
        "width": 100
      },
      {
        "property": "csv-host-name",
        "title": "Hostname",
        "toolTip": "Host name: csv-host-name",
        "hideable": false,
        "dataType": "string",
        "editable": false,
        "isDisplay": true,
        "isLeftPinned": true,
        "objectType": "object",
        "templateType": "None",
        "values": false,
        "optional": false,
        "width": 180
      }
    ],
    "fields": {}
  },
  "data": [
    {
      "csv-status": "complete",
      "csv-deviceId": "f7b49da3-383e-4cd5-abc1-c8e97d345a9f",
      "csv-deviceIP": "10.10.1.5",
      "csv-host-name": "vsmart"
    }
  ]
}