{
  "policyDefinition": {
    "assembly": [
      {
        "type": "appRoute",
        "entries": [
          {
            "siteLists": [
              "ecddd009-3d9a-46e2-a8b0-4925668b94d2"
            ],
            "vpnLists": [
              "8e847ee4-f6ea-4d5d-b6f1-1bef97e9b2df"
            ]
          }
        ],
        "definitionId": "fa3a630f-7390-4151-9d40-02f7f63eb5cf"
      },
      {
        "type": "hubAndSpoke",
        "definitionId": "670895c1-ff41-418b-a832-d27db400da4a"
      }
    ]
  },
  "policyType": "feature",
  "policyName": "Corp-vSmart-Policy",
  "policyDescription": "Corp-vSmart-Policy",
  "isPolicyActivated": false
}