{
  "definitionId": "670895c1-ff41-418b-a832-d27db400da4a",
  "name": "Corp-Hub-n-Spoke",
  "type": "hubAndSpoke",
  "description": "Corp-Hub-n-Spoke",
  "definition": {
    "vpnList": "8e847ee4-f6ea-4d5d-b6f1-1bef97e9b2df",
    "subDefinitions": [
      {
        "name": "My Hub-and-Spoke",
        "equalPreference": true,
        "advertiseTloc": false,
        "spokes": [
          {
            "siteList": "ecddd009-3d9a-46e2-a8b0-4925668b94d2",
            "hubs": [
              {
                "siteList": "292153ba-8067-44e0-ab4b-c849cb41321f",
                "prefixLists": [],
                "ipv6PrefixLists": []
              }
            ]
          }
        ]
      }
    ]
  },
  "lastUpdated": 1685313661408,
  "owner": "admin",
  "infoTag": "",
  "mode": "",
  "optimized": "false",
  "referenceCount": 1,
  "references": [
    {
      "id": "d15fa302-1453-4ed8-9d21-19b4de3806cb",
      "property": "policyId"
    }
  ],
  "isActivatedByVsmart": false
}