{
  "listId": "e3c3c7f4-53c1-48bf-ae8c-cdb217712c73",
  "name": "amazon_aws_apps",
  "type": "app",
  "description": "SaaS App List for Amazon AWS",
  "entries": [
    {
      "app": "amazon"
    },
    {
      "app": "amazon-web-services"
    },
    {
      "app": "amazon-instant-video"
    },
    {
      "app": "amazon-cloudfront"
    },
    {
      "app": "amazon-ec2"
    },
    {
      "app": "amazon-s3"
    }
  ],
  "lastUpdated": 1587243930161,
  "owner": "system",
  "readOnly": true,
  "version": "3.0",
  "infoTag": "",
  "referenceCount": 0,
  "references": [],
  "isActivatedByVsmart": false
}