{
  "listId": "afe7a508-d9ee-482f-8da6-55ec87c31a86",
  "name": "APP_Scavengers",
  "type": "app",
  "description": "Scavengers Applications List",
  "entries": [
    {
      "app": "apple-updates"
    },
    {
      "app": "apple-services"
    },
    {
      "app": "twitter"
    },
    {
      "app": "instagram"
    },
    {
      "app": "youtube"
    },
    {
      "app": "amazon-instant-video"
    }
  ],
  "lastUpdated": 1630931985281,
  "owner": "system",
  "readOnly": true,
  "version": "1.0",
  "infoTag": "",
  "referenceCount": 0,
  "references": [],
  "isActivatedByVsmart": false
}