{
  "listId": "48e03041-bca0-4534-b6c9-465345c95186",
  "name": "APP_BULK_DATA",
  "type": "app",
  "description": "Bulk Data Applications List",
  "entries": [
    {
      "app": "ftp"
    },
    {
      "app": "ftp-data"
    },
    {
      "app": "cisco-jabber-im"
    },
    {
      "app": "netblt"
    },
    {
      "app": "rsync"
    }
  ],
  "lastUpdated": 1630931985909,
  "owner": "system",
  "readOnly": true,
  "version": "1.0",
  "infoTag": "",
  "referenceCount": 0,
  "references": [],
  "isActivatedByVsmart": false
}