{
  "listId": "a1931fac-b9b6-45a5-a655-13f07e0537e3",
  "name": "oracle_apps",
  "type": "app",
  "description": "SaaS App List for Oracle",
  "entries": [
    {
      "app": "oracle"
    },
    {
      "app": "oracle-bi"
    },
    {
      "app": "oracle-ebsuite-unsecured"
    },
    {
      "app": "oracle-sqlnet"
    },
    {
      "app": "oraclenames"
    },
    {
      "app": "oraclenet8cman"
    }
  ],
  "lastUpdated": 1587243931385,
  "owner": "system",
  "readOnly": true,
  "version": "3.1",
  "infoTag": "",
  "referenceCount": 0,
  "references": [],
  "isActivatedByVsmart": false
}