{
  "deviceType": [
    "vedge-C8000V"
  ],
  "templateMinVersion": "15.0.0",
  "templateType": "cedge_aaa",
  "lastUpdatedBy": "admin",
  "editedTemplateDefinition": {
    "user": {
      "vipType": "constant",
      "vipValue": [
        {
          "vipOptional": false,
          "name": {
            "vipObjectType": "object",
            "vipType": "constant",
            "vipValue": "admin",
            "vipVariableName": "user_name_0"
          },
          "password": {
            "vipObjectType": "object",
            "vipType": "constant",
            "vipValue": "$6$c994d15a60d4a934$3FlGfYT86B6HCkKAMT6tOX51PeAbsxFXjWy6cD60kH0Nw0j00TQNBBDQIflczydazgWT76.wC7Hok25lmUAdc.",
            "vipVariableName": "user_password"
          },
          "secret": {
            "vipObjectType": "object",
            "vipType": "constant",
            "vipValue": "$9$2FUE2VIE2/II2E$37hmPFGj.uMd7ESq8VXUVE39GsQXDIHJ4FGC4EzJSyE",
            "vipVariableName": "password_secret"
          },
          "pubkey-chain": {
            "vipObjectType": "tree",
            "vipType": "ignore",
            "vipValue": [],
            "vipVariableName": "user_pubkey_chain_0",
            "vipPrimaryKey": [
              "key-string"
            ]
          },
          "privilege": {
            "vipObjectType": "object",
            "vipType": "constant",
            "vipValue": "15",
            "vipVariableName": "user_privilege_0"
          },
          "priority-order": [
            "name",
            "password",
            "secret",
            "pubkey-chain",
            "privilege"
          ]
        },
        {
          "name": {
            "vipObjectType": "object",
            "vipType": "constant",
            "vipValue": "developer",
            "vipVariableName": "user_name"
          },
          "password": {
            "vipObjectType": "object",
            "vipType": "constant",
            "vipValue": "$6$987d3c0d61d59531$NHPM7hK2/CQ1gyG0cCiyptbdOM8pRnPnvuWbgTisWGo5VWZO3E1hsDbxNqjMlrl/ybh7BwYqjLmsw6LiIzwAe.",
            "vipVariableName": "user_password"
          },
          "secret": {
            "vipObjectType": "object",
            "vipType": "constant",
            "vipValue": "$9$3/2E2/EJ1l.J2.$7AEvjJTRNm1Dq0qsNYqhDCULqHfuQUTvk/8AyoE3Y4o",
            "vipVariableName": "password_secret"
          },
          "privilege": {
            "vipObjectType": "object",
            "vipType": "constant",
            "vipValue": "15",
            "vipVariableName": "user_privilege"
          },
          "pubkey-chain": {
            "vipObjectType": "tree",
            "vipType": "ignore",
            "vipValue": [],
            "vipVariableName": "user_pubkey_chain_1",
            "vipPrimaryKey": [
              "key-string"
            ]
          },
          "priority-order": [
            "name",
            "password",
            "secret",
            "pubkey-chain",
            "privilege"
          ]
        }
      ],
      "vipObjectType": "tree",
      "vipPrimaryKey": [
        "name"
      ]
    },
    "tacacs": {
      "vipType": "ignore",
      "vipValue": []
    },
    "radius": {
      "vipType": "ignore",
      "vipValue": []
    },
    "accounting": {
      "dot1x": {
        "default": {
          "start-stop": {
            "accounting_group": {
              "vipObjectType": "object",
              "vipType": "ignore",
              "vipValue": "false",
              "vipVariableName": "dot1x_acct_group"
            }
          }
        }
      },
      "accounting-rule": {
        "vipObjectType": "tree",
        "vipType": "ignore",
        "vipValue": [],
        "vipPrimaryKey": [
          "rule-id"
        ]
      }
    },
    "authorization": {
      "authorization-console": {
        "vipObjectType": "object",
        "vipType": "ignore",
        "vipValue": "false",
        "vipVariableName": "auth_console"
      },
      "authorization-config-commands": {
        "vipObjectType": "object",
        "vipType": "ignore",
        "vipValue": "false",
        "vipVariableName": "auth_config_cmds"
      },
      "authorization-rule": {
        "vipObjectType": "tree",
        "vipType": "ignore",
        "vipValue": [],
        "vipPrimaryKey": [
          "rule-id"
        ]
      }
    },
    "authentication": {
      "dot1x": {
        "default": {
          "authentication_group": {
            "key": "authentication_group",
            "description": "Authentication Param",
            "details": "Authentication configurations parameters",
            "optionType": [
              {
                "value": "constant",
                "display": "Global",
                "iconClass": "language",
                "iconColor": "icon-global"
              },
              {
                "value": "variable",
                "display": "Device Specific",
                "iconClass": "router",
                "iconColor": "icon-variable"
              },
              {
                "value": "ignore",
                "display": "Default",
                "iconClass": "check_circle",
                "iconColor": "icon-default"
              }
            ],
            "originalDefaultOption": "ignore",
            "defaultOption": "ignore",
            "dataType": {
              "type": "boolean",
              "default": "false"
            },
            "dataPath": [
              "default"
            ],
            "vipObjectType": "object",
            "objectType": "object",
            "deleteFlag": false,
            "vipValue": "false",
            "vipType": "ignore",
            "vipVariableName": "dot1x_auth_group"
          }
        }
      }
    },
    "server-auth-order": {
      "vipObjectType": "object",
      "vipType": "constant",
      "vipValue": "local"
    },
    "radius-dynamic-author": {
      "radius-client": {
        "vipObjectType": "tree",
        "vipType": "ignore",
        "vipValue": [],
        "vipPrimaryKey": [
          "ip"
        ]
      },
      "rda-server-key": {
        "vipObjectType": "object",
        "vipType": "ignore",
        "vipVariableName": "radius_client_server_key",
        "vipNeedsEncryption": "true"
      },
      "domain-stripping": {
        "vipObjectType": "object",
        "vipType": "ignore",
        "vipValue": "no",
        "vipVariableName": "radius_client_domain_stripping"
      },
      "auth-type": {
        "vipObjectType": "object",
        "vipType": "ignore",
        "vipValue": "any",
        "vipVariableName": "radius_client_auth_type"
      },
      "port": {
        "vipObjectType": "object",
        "vipType": "ignore",
        "vipValue": 1700,
        "vipVariableName": "radius_client_port"
      }
    },
    "radius-trustsec": {
      "cts-auth-list": {
        "vipObjectType": "object",
        "vipType": "ignore",
        "vipVariableName": "trustsec_auth_list"
      },
      "radius-trustsec-group": {
        "vipObjectType": "object",
        "vipType": "ignore",
        "vipValue": "_empty"
      }
    }
  },
  "gTemplateClass": "cedge",
  "templateDefinition": {
    "user": {
      "vipType": "constant",
      "vipValue": [
        {
          "vipOptional": false,
          "name": {
            "vipObjectType": "object",
            "vipType": "constant",
            "vipValue": "admin",
            "vipVariableName": "user_name_0"
          },
          "password": {
            "vipObjectType": "object",
            "vipType": "constant",
            "vipValue": "$6$c994d15a60d4a934$3FlGfYT86B6HCkKAMT6tOX51PeAbsxFXjWy6cD60kH0Nw0j00TQNBBDQIflczydazgWT76.wC7Hok25lmUAdc.",
            "vipVariableName": "user_password"
          },
          "secret": {
            "vipObjectType": "object",
            "vipType": "constant",
            "vipValue": "$9$2FUE2VIE2/II2E$37hmPFGj.uMd7ESq8VXUVE39GsQXDIHJ4FGC4EzJSyE",
            "vipVariableName": "password_secret"
          },
          "pubkey-chain": {
            "vipObjectType": "tree",
            "vipType": "ignore",
            "vipValue": [],
            "vipVariableName": "user_pubkey_chain_0",
            "vipPrimaryKey": [
              "key-string"
            ]
          },
          "privilege": {
            "vipObjectType": "object",
            "vipType": "constant",
            "vipValue": "15",
            "vipVariableName": "user_privilege_0"
          },
          "priority-order": [
            "name",
            "password",
            "secret",
            "pubkey-chain",
            "privilege"
          ]
        },
        {
          "name": {
            "vipObjectType": "object",
            "vipType": "constant",
            "vipValue": "developer",
            "vipVariableName": "user_name"
          },
          "password": {
            "vipObjectType": "object",
            "vipType": "constant",
            "vipValue": "$6$987d3c0d61d59531$NHPM7hK2/CQ1gyG0cCiyptbdOM8pRnPnvuWbgTisWGo5VWZO3E1hsDbxNqjMlrl/ybh7BwYqjLmsw6LiIzwAe.",
            "vipVariableName": "user_password"
          },
          "secret": {
            "vipObjectType": "object",
            "vipType": "constant",
            "vipValue": "$9$3/2E2/EJ1l.J2.$7AEvjJTRNm1Dq0qsNYqhDCULqHfuQUTvk/8AyoE3Y4o",
            "vipVariableName": "password_secret"
          },
          "privilege": {
            "vipObjectType": "object",
            "vipType": "constant",
            "vipValue": "15",
            "vipVariableName": "user_privilege"
          },
          "pubkey-chain": {
            "vipObjectType": "tree",
            "vipType": "ignore",
            "vipValue": [],
            "vipVariableName": "user_pubkey_chain_1",
            "vipPrimaryKey": [
              "key-string"
            ]
          },
          "priority-order": [
            "name",
            "password",
            "secret",
            "pubkey-chain",
            "privilege"
          ]
        }
      ],
      "vipObjectType": "tree",
      "vipPrimaryKey": [
        "name"
      ]
    },
    "tacacs": {
      "vipType": "ignore",
      "vipValue": []
    },
    "radius": {
      "vipType": "ignore",
      "vipValue": []
    },
    "accounting": {
      "dot1x": {
        "default": {
          "start-stop": {
            "accounting_group": {
              "vipObjectType": "object",
              "vipType": "ignore",
              "vipValue": "false",
              "vipVariableName": "dot1x_acct_group"
            }
          }
        }
      },
      "accounting-rule": {
        "vipObjectType": "tree",
        "vipType": "ignore",
        "vipValue": [],
        "vipPrimaryKey": [
          "rule-id"
        ]
      }
    },
    "authorization": {
      "authorization-console": {
        "vipObjectType": "object",
        "vipType": "ignore",
        "vipValue": "false",
        "vipVariableName": "auth_console"
      },
      "authorization-config-commands": {
        "vipObjectType": "object",
        "vipType": "ignore",
        "vipValue": "false",
        "vipVariableName": "auth_config_cmds"
      },
      "authorization-rule": {
        "vipObjectType": "tree",
        "vipType": "ignore",
        "vipValue": [],
        "vipPrimaryKey": [
          "rule-id"
        ]
      }
    },
    "authentication": {
      "dot1x": {
        "default": {
          "authentication_group": {
            "key": "authentication_group",
            "description": "Authentication Param",
            "details": "Authentication configurations parameters",
            "optionType": [
              {
                "value": "constant",
                "display": "Global",
                "iconClass": "language",
                "iconColor": "icon-global"
              },
              {
                "value": "variable",
                "display": "Device Specific",
                "iconClass": "router",
                "iconColor": "icon-variable"
              },
              {
                "value": "ignore",
                "display": "Default",
                "iconClass": "check_circle",
                "iconColor": "icon-default"
              }
            ],
            "originalDefaultOption": "ignore",
            "defaultOption": "ignore",
            "dataType": {
              "type": "boolean",
              "default": "false"
            },
            "dataPath": [
              "default"
            ],
            "vipObjectType": "object",
            "objectType": "object",
            "deleteFlag": false,
            "vipValue": "false",
            "vipType": "ignore",
            "vipVariableName": "dot1x_auth_group"
          }
        }
      }
    },
    "server-auth-order": {
      "vipObjectType": "object",
      "vipType": "constant",
      "vipValue": "local"
    },
    "radius-dynamic-author": {
      "radius-client": {
        "vipObjectType": "tree",
        "vipType": "ignore",
        "vipValue": [],
        "vipPrimaryKey": [
          "ip"
        ]
      },
      "rda-server-key": {
        "vipObjectType": "object",
        "vipType": "ignore",
        "vipVariableName": "radius_client_server_key",
        "vipNeedsEncryption": "true"
      },
      "domain-stripping": {
        "vipObjectType": "object",
        "vipType": "ignore",
        "vipValue": "no",
        "vipVariableName": "radius_client_domain_stripping"
      },
      "auth-type": {
        "vipObjectType": "object",
        "vipType": "ignore",
        "vipValue": "any",
        "vipVariableName": "radius_client_auth_type"
      },
      "port": {
        "vipObjectType": "object",
        "vipType": "ignore",
        "vipValue": 1700,
        "vipVariableName": "radius_client_port"
      }
    },
    "radius-trustsec": {
      "cts-auth-list": {
        "vipObjectType": "object",
        "vipType": "ignore",
        "vipVariableName": "trustsec_auth_list"
      },
      "radius-trustsec-group": {
        "vipObjectType": "object",
        "vipType": "ignore",
        "vipValue": "_empty"
      }
    }
  },
  "configType": "xml",
  "attachedMastersCount": 1,
  "templateId": "73bdf13b-9c39-48ca-a126-ee29a085e532",
  "createdOn": 1685313685696,
  "@rid": 235,
  "factoryDefault": false,
  "feature": "vmanage-default",
  "createdBy": "admin",
  "templateName": "DC_cEdge_AAA_Template_v1",
  "devicesAttached": 1,
  "templateDescription": "DC_cEdge_AAA_Template",
  "lastUpdatedOn": 1685313685696
}