{
  "templateType": "cisco_security",
  "templateMinVersion": "15.0.0",
  "deviceType": [
    "vedge-C8000V",
    "vedge-C1111-8PLTELA",
    "vedge-CSR-1000v",
    "vedge-ISR-4331"
  ],
  "lastUpdatedBy": "system",
  "editedTemplateDefinition": {
    "ipsec": {
      "rekey": {
        "vipValue": "",
        "vipObjectType": "object",
        "vipType": "ignore"
      },
      "replay-window": {
        "vipValue": "",
        "vipObjectType": "object",
        "vipType": "ignore"
      },
      "authentication-type": {
        "vipValue": [
          "ah-sha1-hmac",
          "sha1-hmac"
        ],
        "vipObjectType": "list",
        "vipType": "constant"
      },
      "pairwise-keying": {
        "vipValue": "",
        "vipObjectType": "object",
        "vipType": "ignore"
      }
    }
  },
  "gTemplateClass": "cedge",
  "templateDefinition": {
    "ipsec": {
      "rekey": {
        "vipValue": "",
        "vipObjectType": "object",
        "vipType": "ignore"
      },
      "replay-window": {
        "vipValue": "",
        "vipObjectType": "object",
        "vipType": "ignore"
      },
      "authentication-type": {
        "vipValue": [
          "ah-sha1-hmac",
          "sha1-hmac"
        ],
        "vipObjectType": "list",
        "vipType": "constant"
      },
      "pairwise-keying": {
        "vipValue": "",
        "vipObjectType": "object",
        "vipType": "ignore"
      }
    }
  },
  "templateId": "7f96765e-09c9-4a3f-a459-b44daa2117ba",
  "attachedMastersCount": 15,
  "configType": "xml",
  "createdOn": 1630927176247,
  "@rid": 292,
  "feature": "vmanage-default",
  "factoryDefault": true,
  "templateName": "Default_Security_Cisco_V01",
  "createdBy": "system",
  "devicesAttached": 0,
  "templateDescription": "Factory Default template for Security Cisco",
  "lastUpdatedOn": 1630927176247
}