{
  "templateType": "cisco_logging",
  "templateMinVersion": "15.0.0",
  "deviceType": [
    "vedge-C8000V",
    "vedge-C1111-8PLTELA",
    "vedge-CSR-1000v",
    "vedge-ISR-4331"
  ],
  "lastUpdatedBy": "system",
  "editedTemplateDefinition": {
    "disk": {
      "enable": {
        "vipValue": "",
        "vipObjectType": "object",
        "vipType": "ignore"
      },
      "file": {
        "size": {
          "vipValue": "",
          "vipObjectType": "object",
          "vipType": "ignore"
        },
        "rotate": {
          "vipValue": "",
          "vipObjectType": "object",
          "vipType": "ignore"
        }
      }
    },
    "server": {
      "vipValue": [],
      "vipObjectType": "tree",
      "vipType": "ignore",
      "vipPrimaryKey": [
        "name"
      ]
    },
    "ipv6-server": {
      "vipValue": [],
      "vipObjectType": "tree",
      "vipType": "ignore",
      "vipPrimaryKey": [
        "name"
      ]
    }
  },
  "gTemplateClass": "cedge",
  "templateDefinition": {
    "disk": {
      "enable": {
        "vipValue": "",
        "vipObjectType": "object",
        "vipType": "ignore"
      },
      "file": {
        "size": {
          "vipValue": "",
          "vipObjectType": "object",
          "vipType": "ignore"
        },
        "rotate": {
          "vipValue": "",
          "vipObjectType": "object",
          "vipType": "ignore"
        }
      }
    },
    "server": {
      "vipValue": [],
      "vipObjectType": "tree",
      "vipType": "ignore",
      "vipPrimaryKey": [
        "name"
      ]
    },
    "ipv6-server": {
      "vipValue": [],
      "vipObjectType": "tree",
      "vipType": "ignore",
      "vipPrimaryKey": [
        "name"
      ]
    }
  },
  "templateId": "03ecf589-f994-4c28-966e-06eb13437ffe",
  "attachedMastersCount": 15,
  "configType": "xml",
  "createdOn": 1630927172529,
  "@rid": 285,
  "feature": "vmanage-default",
  "factoryDefault": true,
  "templateName": "Default_Logging_Cisco_V01",
  "createdBy": "system",
  "devicesAttached": 0,
  "templateDescription": "Factory Default template for Logging Cisco",
  "lastUpdatedOn": 1630927172529
}