{
  "templateType": "vpn-vsmart",
  "templateMinVersion": "15.0.0",
  "deviceType": [
    "vmanage",
    "vsmart"
  ],
  "lastUpdatedBy": "system",
  "editedTemplateDefinition": {
    "vpn-id": {
      "vipObjectType": "object",
      "vipType": "constant",
      "vipValue": "512"
    },
    "name": {
      "vipObjectType": "object",
      "vipType": "ignore"
    },
    "host": {
      "vipType": "ignore",
      "vipValue": [],
      "vipObjectType": "tree",
      "vipPrimaryKey": [
        "hostname"
      ]
    },
    "ip": {},
    "ipv6": {}
  },
  "gTemplateClass": "vedge",
  "templateDefinition": {
    "vpn-id": {
      "vipObjectType": "object",
      "vipType": "constant",
      "vipValue": "512"
    },
    "name": {
      "vipObjectType": "object",
      "vipType": "ignore"
    },
    "host": {
      "vipType": "ignore",
      "vipValue": [],
      "vipObjectType": "tree",
      "vipPrimaryKey": [
        "hostname"
      ]
    },
    "ip": {},
    "ipv6": {}
  },
  "templateId": "87100d41-39ca-40d4-a9cb-ed933544e27d",
  "attachedMastersCount": 0,
  "configType": "xml",
  "createdOn": 1587243926858,
  "@rid": 134,
  "feature": "vmanage-default",
  "factoryDefault": true,
  "templateName": "Factory_Default_vSmart_vManage_VPN_512_Template",
  "createdBy": "system",
  "devicesAttached": 0,
  "templateDescription": "Default Management VPN template settings for vSmart and vManage",
  "lastUpdatedOn": 1587243926858
}