{
  "templateType": "security-vsmart",
  "templateMinVersion": "15.0.0",
  "deviceType": [
    "vmanage",
    "vsmart"
  ],
  "lastUpdatedBy": "system",
  "editedTemplateDefinition": {
    "control": {
      "protocol": {
        "vipObjectType": "object",
        "vipType": "ignore",
        "vipValue": "dtls"
      }
    }
  },
  "gTemplateClass": "vedge",
  "templateDefinition": {
    "control": {
      "protocol": {
        "vipObjectType": "object",
        "vipType": "ignore",
        "vipValue": "dtls"
      }
    }
  },
  "templateId": "20365383-24c5-48b1-b96b-38d51fcfa74f",
  "attachedMastersCount": 0,
  "configType": "xml",
  "createdOn": 1587243927096,
  "@rid": 136,
  "feature": "vmanage-default",
  "factoryDefault": true,
  "templateName": "Factory_Default_vSmart_vManage_Security_Template",
  "createdBy": "system",
  "devicesAttached": 0,
  "templateDescription": "Default Security template settings for vSmart and vManage",
  "lastUpdatedOn": 1587243927096
}