{
  "templateType": "virtual-application-utd",
  "templateMinVersion": "15.0.0",
  "deviceType": [
    "vedge-C1121X-8PLTEP",
    "vedge-C8200-1N-4T",
    "vedge-C1121X-8P",
    "vedge-C1131X-8PW",
    "vedge-C8300-1N1S-4T2X",
    "vedge-C8300-2N2S-6T",
    "vedge-ISR1100X-6G-XE",
    "vedge-C1127-8PMLTEP",
    "vedge-ISR-4351",
    "vedge-ISR-4431",
    "vedge-ISR-4331",
    "vedge-ISR-4221X",
    "vedge-ISRv",
    "vedge-C1121X-8PLTEPWZ",
    "vedge-C1127X-8PMLTEP",
    "vedge-CSR-1000v",
    "vedge-ISR-4451-X",
    "vedge-C8300-1N1S-6T",
    "vedge-C8200L-1N-4T",
    "vedge-C1121X-8PLTEPW",
    "vedge-C8300-2N2S-4T2X",
    "vedge-C1121X-8PLTEPWB",
    "vedge-C1127X-8PLTEP",
    "vedge-C1121X-8PLTEPWA",
    "vedge-ISR-4461",
    "vedge-ISR-4321",
    "vedge-ISR-4221",
    "vedge-C1111X-8P",
    "vedge-C1121X-8PLTEPWE",
    "vedge-C1126X-8PLTEP",
    "vedge-C8000V",
    "vedge-C1161X-8P",
    "vedge-C8500L-8S4X",
    "vedge-C1161X-8PLTEP",
    "vedge-ISR1100X-4G-XE"
  ],
  "lastUpdatedBy": "system",
  "editedTemplateDefinition": {
    "virtual-application": {
      "vipType": "constant",
      "vipValue": [
        {
          "instance-id": {
            "vipObjectType": "object",
            "vipType": "constant",
            "vipValue": "1",
            "vipVariableName": "instance_id"
          },
          "application-type": {
            "vipObjectType": "object",
            "vipType": "constant",
            "vipValue": "utd",
            "vipVariableName": "application_type"
          },
          "utd": {
            "nat": {
              "vipObjectType": "object",
              "vipType": "constant",
              "vipValue": "true",
              "vipVariableName": "nat"
            },
            "resource-profile": {
              "vipObjectType": "object",
              "vipType": "ignore",
              "vipValue": "_empty",
              "vipVariableName": "resource_profile"
            },
            "service-gateway-ip": {
              "vipObjectType": "object",
              "vipType": "ignore",
              "vipVariableName": "service_gateway_ip"
            },
            "service-ip": {
              "vipObjectType": "object",
              "vipType": "ignore",
              "vipVariableName": "service_ip"
            }
          },
          "priority-order": [
            "instance-id",
            "application-type",
            "utd"
          ]
        }
      ],
      "vipObjectType": "tree",
      "vipPrimaryKey": [
        "instance-id"
      ]
    }
  },
  "gTemplateClass": "cedge",
  "templateDefinition": {
    "virtual-application": {
      "vipType": "constant",
      "vipValue": [
        {
          "instance-id": {
            "vipObjectType": "object",
            "vipType": "constant",
            "vipValue": "1",
            "vipVariableName": "instance_id"
          },
          "application-type": {
            "vipObjectType": "object",
            "vipType": "constant",
            "vipValue": "utd",
            "vipVariableName": "application_type"
          },
          "utd": {
            "nat": {
              "vipObjectType": "object",
              "vipType": "constant",
              "vipValue": "true",
              "vipVariableName": "nat"
            },
            "resource-profile": {
              "vipObjectType": "object",
              "vipType": "ignore",
              "vipValue": "_empty",
              "vipVariableName": "resource_profile"
            },
            "service-gateway-ip": {
              "vipObjectType": "object",
              "vipType": "ignore",
              "vipVariableName": "service_gateway_ip"
            },
            "service-ip": {
              "vipObjectType": "object",
              "vipType": "ignore",
              "vipVariableName": "service_ip"
            }
          },
          "priority-order": [
            "instance-id",
            "application-type",
            "utd"
          ]
        }
      ],
      "vipObjectType": "tree",
      "vipPrimaryKey": [
        "instance-id"
      ]
    }
  },
  "templateId": "26aa82c5-5be4-4f1e-a522-125d10df198f",
  "attachedMastersCount": 0,
  "configType": "xml",
  "createdOn": 1587243927319,
  "@rid": 138,
  "feature": "vmanage-default",
  "factoryDefault": true,
  "templateName": "Factory_Default_UTD_Template",
  "createdBy": "system",
  "devicesAttached": 0,
  "templateDescription": "Default UTD template settings",
  "lastUpdatedOn": 1587243927319
}