{
  "templateType": "appqoe",
  "templateMinVersion": "15.0.0",
  "deviceType": [
    "vedge-C8500-12X4QC",
    "vedge-C1121X-8PLTEP",
    "vedge-C1121X-8P",
    "vedge-C8300-1N1S-4T2X",
    "vedge-C8300-2N2S-6T",
    "vedge-ISR-4351",
    "vedge-ISR-4431",
    "vedge-ISR-4331",
    "vedge-ISR-4221X",
    "vedge-ISRv",
    "vedge-C8500-12X",
    "vedge-C1127X-8PMLTEP",
    "vedge-CSR-1000v",
    "vedge-ISR-4451-X",
    "vedge-C8300-1N1S-6T",
    "vedge-ASR-1001-HX",
    "vedge-C1121X-8PLTEPW",
    "vedge-C8300-2N2S-4T2X",
    "vedge-C1127X-8PLTEP",
    "vedge-ASR-1001-X",
    "vedge-ISR-4461",
    "vedge-ASR-1002-X",
    "vedge-ISR-4321",
    "vedge-ISR-4221",
    "vedge-C1111X-8P",
    "vedge-C1126X-8PLTEP",
    "vedge-C1161X-8P",
    "vedge-C1161X-8PLTEP",
    "vedge-ASR-1002-HX"
  ],
  "lastUpdatedBy": "system",
  "editedTemplateDefinition": {
    "service-node-group": {
      "vipType": "constant",
      "vipObjectType": "tree",
      "vipPrimaryKey": [
        "name"
      ],
      "vipValue": [
        {
          "name": {
            "vipObjectType": "object",
            "vipType": "constant",
            "vipValue": "SNG-APPQOE"
          },
          "service-node": {
            "vipObjectType": "tree",
            "vipType": "constant",
            "vipPrimaryKey": [
              "address"
            ],
            "vipValue": [
              {
                "address": {
                  "vipObjectType": "object",
                  "vipType": "constant",
                  "vipValue": "192.168.2.2",
                  "vipVariableName": "appqoe_service_node_address"
                },
                "vpg-ip": {
                  "vipObjectType": "object",
                  "vipType": "constant",
                  "vipValue": "192.168.2.1/24",
                  "vipVariableName": "appqoe_virtual_port_group_address"
                }
              }
            ]
          }
        }
      ]
    }
  },
  "gTemplateClass": "cedge",
  "templateDefinition": {
    "service-node-group": {
      "vipType": "constant",
      "vipObjectType": "tree",
      "vipPrimaryKey": [
        "name"
      ],
      "vipValue": [
        {
          "name": {
            "vipObjectType": "object",
            "vipType": "constant",
            "vipValue": "SNG-APPQOE"
          },
          "service-node": {
            "vipObjectType": "tree",
            "vipType": "constant",
            "vipPrimaryKey": [
              "address"
            ],
            "vipValue": [
              {
                "address": {
                  "vipObjectType": "object",
                  "vipType": "constant",
                  "vipValue": "192.168.2.2",
                  "vipVariableName": "appqoe_service_node_address"
                },
                "vpg-ip": {
                  "vipObjectType": "object",
                  "vipType": "constant",
                  "vipValue": "192.168.2.1/24",
                  "vipVariableName": "appqoe_virtual_port_group_address"
                }
              }
            ]
          }
        }
      ]
    }
  },
  "templateId": "de52fed2-e1c6-482d-8fd3-7001ff94be86",
  "attachedMastersCount": 0,
  "configType": "xml",
  "createdOn": 1587243923323,
  "@rid": 33,
  "feature": "vmanage-default",
  "factoryDefault": true,
  "templateName": "Factory_Default_AppQoE_ServiceNode_Template",
  "createdBy": "system",
  "devicesAttached": 0,
  "templateDescription": "Default AppQoE Service Node template settings",
  "lastUpdatedOn": 1587243923323
}