{
  "templateType": "logging",
  "templateMinVersion": "20.1.0",
  "deviceType": [
    "vedge-1000",
    "vedge-2000",
    "vedge-cloud",
    "vedge-5000",
    "vedge-ISR1100-6G",
    "vedge-100-B",
    "vedge-ISR1100-4G",
    "vedge-100",
    "vsmart",
    "vedge-ISR1100-4GLTE",
    "vedge-100-WM",
    "vmanage",
    "vedge-100-M",
    "vedge-ISR1100X-6G",
    "vedge-ISR1100X-4G"
  ],
  "lastUpdatedBy": "system",
  "editedTemplateDefinition": {
    "disk": {
      "enable": {
        "vipObjectType": "object",
        "vipValue": "true",
        "vipType": "ignore"
      },
      "file": {
        "size": {
          "vipObjectType": "object",
          "vipValue": 10,
          "vipType": "ignore"
        },
        "rotate": {
          "vipObjectType": "object",
          "vipValue": 10,
          "vipType": "ignore"
        }
      },
      "priority": {
        "vipObjectType": "object",
        "vipValue": "information",
        "vipType": "ignore"
      }
    }
  },
  "gTemplateClass": "vedge",
  "templateDefinition": {
    "disk": {
      "enable": {
        "vipObjectType": "object",
        "vipValue": "true",
        "vipType": "ignore"
      },
      "file": {
        "size": {
          "vipObjectType": "object",
          "vipValue": 10,
          "vipType": "ignore"
        },
        "rotate": {
          "vipObjectType": "object",
          "vipValue": 10,
          "vipType": "ignore"
        }
      },
      "priority": {
        "vipObjectType": "object",
        "vipValue": "information",
        "vipType": "ignore"
      }
    }
  },
  "templateId": "b1cb7bcf-ddc3-4265-87da-f6a136586d26",
  "attachedMastersCount": 1,
  "configType": "xml",
  "createdOn": 1630927177744,
  "@rid": 303,
  "feature": "vmanage-default",
  "factoryDefault": true,
  "templateName": "Factory_Default_Logging_Template_V01",
  "createdBy": "system",
  "devicesAttached": 0,
  "templateDescription": "Default Logging template settings Version 01",
  "lastUpdatedOn": 1630927177744
}