{
  "templateMinVersion": "18.3.0",
  "templateType": "cisco_system",
  "deviceType": [
    "cellular-gateway-CG113-W6E",
    "cellular-gateway-CG113-W6H",
    "cellular-gateway-CG113-4GW6Z",
    "cellular-gateway-CG113-W6B",
    "cellular-gateway-CG113-W6A",
    "cellular-gateway-CG522MW-IO-GL",
    "cellular-gateway-CG113-W6Z",
    "cellular-gateway-CG113-4GW6Q",
    "cellular-gateway-CG113-4GW6E",
    "cellular-gateway-CG113-W6Q",
    "cellular-gateway-CG522-E",
    "cellular-gateway-CG113-4GW6H",
    "cellular-gateway-CG418-E",
    "cellular-gateway-CG522MW-IO-NA",
    "cellular-gateway-CG113-4GW6B",
    "cellular-gateway-CG113-4GW6A"
  ],
  "lastUpdatedBy": "system",
  "editedTemplateDefinition": {
    "clock": {
      "timezone": {
        "vipObjectType": "object",
        "vipValue": "America/Los_Angeles",
        "vipType": "ignore"
      }
    },
    "gps-location": {
      "latitude": {
        "vipObjectType": "object",
        "vipType": "ignore"
      },
      "longitude": {
        "vipObjectType": "object",
        "vipType": "ignore"
      }
    },
    "timer": {
      "dns-cache-timeout": {
        "vipObjectType": "object",
        "vipValue": 30,
        "vipType": "ignore"
      }
    },
    "location": {
      "vipObjectType": "object",
      "vipType": "ignore"
    },
    "system-tunnel-mtu": {
      "vipObjectType": "object",
      "vipValue": 1024,
      "vipType": "ignore"
    },
    "track-transport": {
      "vipObjectType": "object",
      "vipValue": "true",
      "vipType": "ignore"
    },
    "port-offset": {
      "vipObjectType": "object",
      "vipValue": 0,
      "vipType": "ignore"
    },
    "port-hop": {
      "vipObjectType": "object",
      "vipValue": "true",
      "vipType": "ignore"
    },
    "control-session-pps": {
      "vipObjectType": "object",
      "vipValue": 300,
      "vipType": "ignore"
    },
    "description": {
      "vipObjectType": "object",
      "vipType": "ignore"
    },
    "device-groups": {
      "vipObjectType": "list",
      "vipType": "ignore"
    },
    "site-id": {
      "vipObjectType": "object",
      "vipType": "variable",
      "vipValue": ""
    },
    "system-ip": {
      "vipObjectType": "object",
      "vipType": "variable",
      "vipValue": ""
    },
    "max-controllers": {
      "vipObjectType": "object",
      "vipValue": 2,
      "vipType": "ignore"
    },
    "usb-controller": {
      "vipObjectType": "object",
      "vipValue": "false",
      "vipType": "ignore"
    },
    "track-default-gateway": {
      "vipObjectType": "object",
      "vipValue": "true",
      "vipType": "ignore"
    },
    "host-policer-pps": {
      "vipObjectType": "object",
      "vipValue": 5000,
      "vipType": "ignore"
    },
    "icmp-error-pps": {
      "vipObjectType": "object",
      "vipValue": 100,
      "vipType": "ignore"
    }
  },
  "gTemplateClass": "cedge",
  "templateDefinition": {
    "clock": {
      "timezone": {
        "vipObjectType": "object",
        "vipValue": "America/Los_Angeles",
        "vipType": "ignore"
      }
    },
    "gps-location": {
      "latitude": {
        "vipObjectType": "object",
        "vipType": "ignore"
      },
      "longitude": {
        "vipObjectType": "object",
        "vipType": "ignore"
      }
    },
    "timer": {
      "dns-cache-timeout": {
        "vipObjectType": "object",
        "vipValue": 30,
        "vipType": "ignore"
      }
    },
    "location": {
      "vipObjectType": "object",
      "vipType": "ignore"
    },
    "system-tunnel-mtu": {
      "vipObjectType": "object",
      "vipValue": 1024,
      "vipType": "ignore"
    },
    "track-transport": {
      "vipObjectType": "object",
      "vipValue": "true",
      "vipType": "ignore"
    },
    "port-offset": {
      "vipObjectType": "object",
      "vipValue": 0,
      "vipType": "ignore"
    },
    "port-hop": {
      "vipObjectType": "object",
      "vipValue": "true",
      "vipType": "ignore"
    },
    "control-session-pps": {
      "vipObjectType": "object",
      "vipValue": 300,
      "vipType": "ignore"
    },
    "description": {
      "vipObjectType": "object",
      "vipType": "ignore"
    },
    "device-groups": {
      "vipObjectType": "list",
      "vipType": "ignore"
    },
    "site-id": {
      "vipObjectType": "object",
      "vipType": "variable",
      "vipValue": ""
    },
    "system-ip": {
      "vipObjectType": "object",
      "vipType": "variable",
      "vipValue": ""
    },
    "max-controllers": {
      "vipObjectType": "object",
      "vipValue": 2,
      "vipType": "ignore"
    },
    "usb-controller": {
      "vipObjectType": "object",
      "vipValue": "false",
      "vipType": "ignore"
    },
    "track-default-gateway": {
      "vipObjectType": "object",
      "vipValue": "true",
      "vipType": "ignore"
    },
    "host-policer-pps": {
      "vipObjectType": "object",
      "vipValue": 5000,
      "vipType": "ignore"
    },
    "icmp-error-pps": {
      "vipObjectType": "object",
      "vipValue": 100,
      "vipType": "ignore"
    }
  },
  "templateId": "db65bf44-459e-4bef-935d-f6eb84f46728",
  "configType": "xml",
  "attachedMastersCount": 0,
  "createdOn": 1630931984008,
  "@rid": 479,
  "feature": "vmanage-default",
  "factoryDefault": true,
  "createdBy": "system",
  "templateName": "Factory_Default_EIO_System_Template",
  "devicesAttached": 0,
  "templateDescription": "Default EIO System template settings",
  "lastUpdatedOn": 1630931984008
}