{
  "deviceType": [
    "vedge-C8000V"
  ],
  "templateMinVersion": "15.0.0",
  "templateType": "cisco_vpn",
  "lastUpdatedBy": "admin",
  "editedTemplateDefinition": {
    "vpn-id": {
      "vipObjectType": "object",
      "vipType": "constant",
      "vipValue": 512
    },
    "name": {
      "vipObjectType": "object",
      "vipType": "ignore",
      "vipVariableName": "vpn_name"
    },
    "ecmp-hash-key": {
      "layer4": {
        "vipObjectType": "object",
        "vipType": "ignore",
        "vipValue": "false",
        "vipVariableName": "vpn_layer4"
      }
    },
    "nat64-global": {
      "prefix": {
        "stateful": {}
      }
    },
    "nat64": {
      "v4": {
        "pool": {
          "vipType": "ignore",
          "vipValue": [],
          "vipObjectType": "tree",
          "vipPrimaryKey": [
            "name"
          ]
        }
      }
    },
    "tenant-vpn-id": {},
    "org-name": {},
    "omp-admin-distance-ipv4": {
      "vipObjectType": "object",
      "vipType": "ignore",
      "vipVariableName": "vpn_omp-admin-distance-ipv4"
    },
    "omp-admin-distance-ipv6": {
      "vipObjectType": "object",
      "vipType": "ignore",
      "vipVariableName": "vpn_omp-admin-distance-ipv6"
    },
    "nat": {
      "natpool": {
        "vipType": "ignore",
        "vipValue": [],
        "vipObjectType": "tree",
        "vipPrimaryKey": [
          "name"
        ]
      },
      "port-forward": {
        "vipType": "ignore",
        "vipValue": [],
        "vipObjectType": "tree",
        "vipPrimaryKey": [
          "source-port",
          "translate-port",
          "source-ip",
          "translate-ip",
          "proto"
        ]
      },
      "static": {
        "vipType": "ignore",
        "vipValue": [],
        "vipObjectType": "tree",
        "vipPrimaryKey": [
          "source-ip",
          "translate-ip"
        ]
      },
      "subnet-static": {
        "vipType": "ignore",
        "vipValue": [],
        "vipObjectType": "tree",
        "vipPrimaryKey": [
          "source-ip-subnet",
          "translate-ip-subnet"
        ]
      }
    },
    "route-import-from": {
      "vipType": "ignore",
      "vipValue": [],
      "vipObjectType": "tree",
      "vipPrimaryKey": [
        "protocol",
        "source-vpn"
      ]
    },
    "route-import": {
      "vipType": "ignore",
      "vipValue": [],
      "vipObjectType": "tree",
      "vipPrimaryKey": [
        "protocol"
      ]
    },
    "route-export": {
      "vipType": "ignore",
      "vipValue": [],
      "vipObjectType": "tree",
      "vipPrimaryKey": [
        "protocol"
      ]
    },
    "host": {
      "vipType": "ignore",
      "vipValue": [],
      "vipObjectType": "tree",
      "vipPrimaryKey": [
        "hostname"
      ]
    },
    "service": {
      "vipType": "ignore",
      "vipValue": [],
      "vipObjectType": "tree",
      "vipPrimaryKey": [
        "svc-type"
      ]
    },
    "ip": {
      "route": {
        "vipType": "constant",
        "vipValue": [
          {
            "prefix": {
              "vipObjectType": "object",
              "vipType": "constant",
              "vipValue": "0.0.0.0/0",
              "vipVariableName": "vpn_ipv4_ip_prefix"
            },
            "next-hop": {
              "vipType": "constant",
              "vipValue": [
                {
                  "address": {
                    "vipObjectType": "object",
                    "vipType": "variableName",
                    "vipValue": "",
                    "vipVariableName": "vpn_512_next_hop_ip_address"
                  },
                  "distance": {
                    "vipObjectType": "object",
                    "vipType": "ignore",
                    "vipValue": 1,
                    "vipVariableName": "vpn_next_hop_ip_distance_0"
                  },
                  "priority-order": [
                    "address",
                    "distance"
                  ]
                }
              ],
              "vipObjectType": "tree",
              "vipPrimaryKey": [
                "address"
              ]
            },
            "priority-order": [
              "prefix",
              "next-hop",
              "next-hop-with-track"
            ]
          }
        ],
        "vipObjectType": "tree",
        "vipPrimaryKey": [
          "prefix"
        ]
      },
      "gre-route": {},
      "ipsec-route": {},
      "service-route": {}
    },
    "ipv6": {},
    "omp": {
      "advertise": {
        "vipType": "ignore",
        "vipValue": [],
        "vipObjectType": "tree",
        "vipPrimaryKey": [
          "protocol"
        ]
      },
      "ipv6-advertise": {
        "vipType": "ignore",
        "vipValue": [],
        "vipObjectType": "tree",
        "vipPrimaryKey": [
          "protocol"
        ]
      }
    }
  },
  "gTemplateClass": "cedge",
  "templateDefinition": {
    "vpn-id": {
      "vipObjectType": "object",
      "vipType": "constant",
      "vipValue": 512
    },
    "name": {
      "vipObjectType": "object",
      "vipType": "ignore",
      "vipVariableName": "vpn_name"
    },
    "ecmp-hash-key": {
      "layer4": {
        "vipObjectType": "object",
        "vipType": "ignore",
        "vipValue": "false",
        "vipVariableName": "vpn_layer4"
      }
    },
    "nat64-global": {
      "prefix": {
        "stateful": {}
      }
    },
    "nat64": {
      "v4": {
        "pool": {
          "vipType": "ignore",
          "vipValue": [],
          "vipObjectType": "tree",
          "vipPrimaryKey": [
            "name"
          ]
        }
      }
    },
    "tenant-vpn-id": {},
    "org-name": {},
    "omp-admin-distance-ipv4": {
      "vipObjectType": "object",
      "vipType": "ignore",
      "vipVariableName": "vpn_omp-admin-distance-ipv4"
    },
    "omp-admin-distance-ipv6": {
      "vipObjectType": "object",
      "vipType": "ignore",
      "vipVariableName": "vpn_omp-admin-distance-ipv6"
    },
    "nat": {
      "natpool": {
        "vipType": "ignore",
        "vipValue": [],
        "vipObjectType": "tree",
        "vipPrimaryKey": [
          "name"
        ]
      },
      "port-forward": {
        "vipType": "ignore",
        "vipValue": [],
        "vipObjectType": "tree",
        "vipPrimaryKey": [
          "source-port",
          "translate-port",
          "source-ip",
          "translate-ip",
          "proto"
        ]
      },
      "static": {
        "vipType": "ignore",
        "vipValue": [],
        "vipObjectType": "tree",
        "vipPrimaryKey": [
          "source-ip",
          "translate-ip"
        ]
      },
      "subnet-static": {
        "vipType": "ignore",
        "vipValue": [],
        "vipObjectType": "tree",
        "vipPrimaryKey": [
          "source-ip-subnet",
          "translate-ip-subnet"
        ]
      }
    },
    "route-import-from": {
      "vipType": "ignore",
      "vipValue": [],
      "vipObjectType": "tree",
      "vipPrimaryKey": [
        "protocol",
        "source-vpn"
      ]
    },
    "route-import": {
      "vipType": "ignore",
      "vipValue": [],
      "vipObjectType": "tree",
      "vipPrimaryKey": [
        "protocol"
      ]
    },
    "route-export": {
      "vipType": "ignore",
      "vipValue": [],
      "vipObjectType": "tree",
      "vipPrimaryKey": [
        "protocol"
      ]
    },
    "host": {
      "vipType": "ignore",
      "vipValue": [],
      "vipObjectType": "tree",
      "vipPrimaryKey": [
        "hostname"
      ]
    },
    "service": {
      "vipType": "ignore",
      "vipValue": [],
      "vipObjectType": "tree",
      "vipPrimaryKey": [
        "svc-type"
      ]
    },
    "ip": {
      "route": {
        "vipType": "constant",
        "vipValue": [
          {
            "prefix": {
              "vipObjectType": "object",
              "vipType": "constant",
              "vipValue": "0.0.0.0/0",
              "vipVariableName": "vpn_ipv4_ip_prefix"
            },
            "next-hop": {
              "vipType": "constant",
              "vipValue": [
                {
                  "address": {
                    "vipObjectType": "object",
                    "vipType": "variableName",
                    "vipValue": "",
                    "vipVariableName": "vpn_512_next_hop_ip_address"
                  },
                  "distance": {
                    "vipObjectType": "object",
                    "vipType": "ignore",
                    "vipValue": 1,
                    "vipVariableName": "vpn_next_hop_ip_distance_0"
                  },
                  "priority-order": [
                    "address",
                    "distance"
                  ]
                }
              ],
              "vipObjectType": "tree",
              "vipPrimaryKey": [
                "address"
              ]
            },
            "priority-order": [
              "prefix",
              "next-hop",
              "next-hop-with-track"
            ]
          }
        ],
        "vipObjectType": "tree",
        "vipPrimaryKey": [
          "prefix"
        ]
      },
      "gre-route": {},
      "ipsec-route": {},
      "service-route": {}
    },
    "ipv6": {},
    "omp": {
      "advertise": {
        "vipType": "ignore",
        "vipValue": [],
        "vipObjectType": "tree",
        "vipPrimaryKey": [
          "protocol"
        ]
      },
      "ipv6-advertise": {
        "vipType": "ignore",
        "vipValue": [],
        "vipObjectType": "tree",
        "vipPrimaryKey": [
          "protocol"
        ]
      }
    }
  },
  "configType": "xml",
  "attachedMastersCount": 1,
  "templateId": "fd9db960-c608-47ba-9a63-f43ff8862629",
  "createdOn": 1685313677087,
  "@rid": 1554,
  "factoryDefault": false,
  "feature": "vmanage-default",
  "createdBy": "admin",
  "templateName": "Site_1_and_2_VPN_512_cEdge_Template_v1",
  "devicesAttached": 2,
  "templateDescription": "Site_1_and_2_VPN_512_cEdge_Template",
  "lastUpdatedOn": 1685313677087
}