{
  "templateMinVersion": "15.0.0",
  "deviceType": [
    "vedge-cloud"
  ],
  "templateType": "vpn-vedge",
  "lastUpdatedBy": "admin",
  "editedTemplateDefinition": {
    "vpn-id": {
      "vipObjectType": "object",
      "vipType": "constant",
      "vipValue": 1
    },
    "name": {
      "vipObjectType": "object",
      "vipType": "ignore",
      "vipVariableName": "vpn_name"
    },
    "ecmp-hash-key": {
      "layer4": {
        "vipObjectType": "object",
        "vipType": "ignore",
        "vipValue": "false",
        "vipVariableName": "vpn_layer4"
      }
    },
    "tcp-optimization": {
      "vipObjectType": "node-only",
      "vipType": "ignore",
      "vipValue": "false",
      "vipVariableName": "vpn_tcp_optimization"
    },
    "nat64-global": {
      "prefix": {
        "stateful": {}
      }
    },
    "nat64": {
      "v4": {
        "pool": {
          "vipType": "ignore",
          "vipValue": [],
          "vipObjectType": "tree",
          "vipPrimaryKey": [
            "name"
          ]
        }
      }
    },
    "host": {
      "vipType": "ignore",
      "vipValue": [],
      "vipObjectType": "tree",
      "vipPrimaryKey": [
        "hostname"
      ]
    },
    "service": {
      "vipType": "ignore",
      "vipValue": [],
      "vipObjectType": "tree",
      "vipPrimaryKey": [
        "svc-type"
      ]
    },
    "ip": {
      "gre-route": {},
      "ipsec-route": {}
    },
    "ipv6": {},
    "omp": {
      "advertise": {
        "vipType": "ignore",
        "vipValue": [],
        "vipObjectType": "tree",
        "vipPrimaryKey": [
          "protocol"
        ]
      },
      "ipv6-advertise": {
        "vipType": "ignore",
        "vipValue": [],
        "vipObjectType": "tree",
        "vipPrimaryKey": [
          "protocol"
        ]
      }
    }
  },
  "gTemplateClass": "vedge",
  "templateDefinition": {
    "vpn-id": {
      "vipObjectType": "object",
      "vipType": "constant",
      "vipValue": 1
    },
    "name": {
      "vipObjectType": "object",
      "vipType": "ignore",
      "vipVariableName": "vpn_name"
    },
    "ecmp-hash-key": {
      "layer4": {
        "vipObjectType": "object",
        "vipType": "ignore",
        "vipValue": "false",
        "vipVariableName": "vpn_layer4"
      }
    },
    "tcp-optimization": {
      "vipObjectType": "node-only",
      "vipType": "ignore",
      "vipValue": "false",
      "vipVariableName": "vpn_tcp_optimization"
    },
    "nat64-global": {
      "prefix": {
        "stateful": {}
      }
    },
    "nat64": {
      "v4": {
        "pool": {
          "vipType": "ignore",
          "vipValue": [],
          "vipObjectType": "tree",
          "vipPrimaryKey": [
            "name"
          ]
        }
      }
    },
    "host": {
      "vipType": "ignore",
      "vipValue": [],
      "vipObjectType": "tree",
      "vipPrimaryKey": [
        "hostname"
      ]
    },
    "service": {
      "vipType": "ignore",
      "vipValue": [],
      "vipObjectType": "tree",
      "vipPrimaryKey": [
        "svc-type"
      ]
    },
    "ip": {
      "gre-route": {},
      "ipsec-route": {}
    },
    "ipv6": {},
    "omp": {
      "advertise": {
        "vipType": "ignore",
        "vipValue": [],
        "vipObjectType": "tree",
        "vipPrimaryKey": [
          "protocol"
        ]
      },
      "ipv6-advertise": {
        "vipType": "ignore",
        "vipValue": [],
        "vipObjectType": "tree",
        "vipPrimaryKey": [
          "protocol"
        ]
      }
    }
  },
  "configType": "xml",
  "attachedMastersCount": 1,
  "templateId": "6de9a831-e540-436d-b0d0-2c074bd44efc",
  "createdOn": 1685313665873,
  "@rid": 269,
  "factoryDefault": false,
  "feature": "vmanage-default",
  "createdBy": "admin",
  "templateName": "Site_3_VPN_1_vEdge_Template",
  "devicesAttached": 0,
  "templateDescription": "Site_3_VPN_1_vEdge_Template",
  "lastUpdatedOn": 1685313665873
}