{
  "deviceType": [
    "vedge-cloud"
  ],
  "templateMinVersion": "15.0.0",
  "templateType": "aaa",
  "lastUpdatedBy": "admin",
  "editedTemplateDefinition": {
    "aaa": {
      "auth-order": {
        "vipType": "constant",
        "vipValue": [
          {
            "vipType": "constant",
            "vipValue": "local",
            "vipObjectType": "object"
          },
          {
            "vipType": "constant",
            "vipValue": "radius",
            "vipObjectType": "object"
          },
          {
            "vipType": "constant",
            "vipValue": "tacacs",
            "vipObjectType": "object"
          }
        ],
        "vipObjectType": "list",
        "vipVariableName": "auth_order"
      },
      "auth-fallback": {
        "vipObjectType": "object",
        "vipType": "ignore",
        "vipValue": "false",
        "vipVariableName": "auth_fallback"
      },
      "admin-auth-order": {
        "vipObjectType": "object",
        "vipType": "ignore",
        "vipValue": "false",
        "vipVariableName": "admin_auth_order"
      },
      "logs": {
        "audit-disable": {
          "vipObjectType": "object",
          "vipType": "ignore",
          "vipValue": "false",
          "vipVariableName": "disable_audit_logs"
        },
        "netconf-disable": {
          "vipObjectType": "object",
          "vipType": "ignore",
          "vipValue": "false",
          "vipVariableName": "disable_netconf_logs"
        }
      },
      "radius-servers": {
        "vipObjectType": "list",
        "vipType": "ignore",
        "vipValue": [
          ""
        ],
        "vipVariableName": "radius_servers"
      },
      "usergroup": {
        "vipType": "constant",
        "vipValue": [
          {
            "name": {
              "vipObjectType": "object",
              "vipType": "constant",
              "vipValue": "netadmin"
            },
            "viewMode": "view",
            "priority-order": [
              "name"
            ]
          },
          {
            "name": {
              "vipObjectType": "object",
              "vipType": "constant",
              "vipValue": "basic"
            },
            "priority-order": [
              "name",
              "task"
            ],
            "task": {
              "vipType": "constant",
              "vipValue": [
                {
                  "mode": {
                    "vipType": "constant",
                    "vipValue": "system",
                    "vipObjectType": "object"
                  },
                  "permission": {
                    "vipType": "constant",
                    "vipValue": [
                      {
                        "vipType": "constant",
                        "vipValue": "read",
                        "vipObjectType": "object"
                      },
                      {
                        "vipType": "constant",
                        "vipValue": "write",
                        "vipObjectType": "object"
                      }
                    ],
                    "vipObjectType": "list"
                  },
                  "priority-order": [
                    "mode",
                    "permission"
                  ]
                },
                {
                  "mode": {
                    "vipType": "constant",
                    "vipValue": "interface",
                    "vipObjectType": "object"
                  },
                  "permission": {
                    "vipType": "constant",
                    "vipValue": [
                      {
                        "vipType": "constant",
                        "vipValue": "read",
                        "vipObjectType": "object"
                      },
                      {
                        "vipType": "constant",
                        "vipValue": "write",
                        "vipObjectType": "object"
                      }
                    ],
                    "vipObjectType": "list"
                  },
                  "priority-order": [
                    "mode",
                    "permission"
                  ]
                }
              ],
              "vipObjectType": "tree",
              "vipPrimaryKey": [
                "mode"
              ]
            },
            "viewMode": "edit"
          },
          {
            "name": {
              "vipObjectType": "object",
              "vipType": "constant",
              "vipValue": "operator"
            },
            "priority-order": [
              "name",
              "task"
            ],
            "task": {
              "vipType": "constant",
              "vipValue": [
                {
                  "mode": {
                    "vipType": "constant",
                    "vipValue": "system",
                    "vipObjectType": "object"
                  },
                  "permission": {
                    "vipType": "constant",
                    "vipValue": [
                      {
                        "vipType": "constant",
                        "vipValue": "read",
                        "vipObjectType": "object"
                      }
                    ],
                    "vipObjectType": "list"
                  },
                  "priority-order": [
                    "mode",
                    "permission"
                  ]
                },
                {
                  "mode": {
                    "vipType": "constant",
                    "vipValue": "interface",
                    "vipObjectType": "object"
                  },
                  "permission": {
                    "vipType": "constant",
                    "vipValue": [
                      {
                        "vipType": "constant",
                        "vipValue": "read",
                        "vipObjectType": "object"
                      }
                    ],
                    "vipObjectType": "list"
                  },
                  "priority-order": [
                    "mode",
                    "permission"
                  ]
                },
                {
                  "mode": {
                    "vipType": "constant",
                    "vipValue": "policy",
                    "vipObjectType": "object"
                  },
                  "permission": {
                    "vipType": "constant",
                    "vipValue": [
                      {
                        "vipType": "constant",
                        "vipValue": "read",
                        "vipObjectType": "object"
                      }
                    ],
                    "vipObjectType": "list"
                  },
                  "priority-order": [
                    "mode",
                    "permission"
                  ]
                },
                {
                  "mode": {
                    "vipType": "constant",
                    "vipValue": "routing",
                    "vipObjectType": "object"
                  },
                  "permission": {
                    "vipType": "constant",
                    "vipValue": [
                      {
                        "vipType": "constant",
                        "vipValue": "read",
                        "vipObjectType": "object"
                      }
                    ],
                    "vipObjectType": "list"
                  },
                  "priority-order": [
                    "mode",
                    "permission"
                  ]
                },
                {
                  "mode": {
                    "vipType": "constant",
                    "vipValue": "security",
                    "vipObjectType": "object"
                  },
                  "permission": {
                    "vipType": "constant",
                    "vipValue": [
                      {
                        "vipType": "constant",
                        "vipValue": "read",
                        "vipObjectType": "object"
                      }
                    ],
                    "vipObjectType": "list"
                  },
                  "priority-order": [
                    "mode",
                    "permission"
                  ]
                }
              ],
              "vipObjectType": "tree",
              "vipPrimaryKey": [
                "mode"
              ]
            },
            "viewMode": "edit"
          }
        ],
        "vipObjectType": "tree",
        "vipPrimaryKey": [
          "name"
        ]
      },
      "user": {
        "vipType": "constant",
        "vipValue": [
          {
            "vipOptional": false,
            "name": {
              "vipObjectType": "object",
              "vipType": "constant",
              "vipValue": "admin",
              "vipVariableName": "user_name_0"
            },
            "password": {
              "vipObjectType": "object",
              "vipType": "constant",
              "vipValue": "$6$af67fad2b039a8a9$C6MZAmOAbCcKCClwLb10lWBO6sPdA/nMlnyq99Q9ZFx.5GKYr/PCp2tsj24/k6XrTZgZzXXv40G5X5DItaUO40"
            },
            "pubkey-chain": {
              "vipObjectType": "tree",
              "vipType": "ignore",
              "vipValue": [],
              "vipVariableName": "user_pubkey_chain_0",
              "vipPrimaryKey": [
                "usertag"
              ]
            },
            "description": {
              "vipObjectType": "object",
              "vipType": "ignore",
              "vipValue": ""
            },
            "group": {
              "vipType": "ignore",
              "vipValue": [],
              "vipObjectType": "list"
            },
            "priority-order": [
              "name",
              "password",
              "secret",
              "description",
              "group",
              "pubkey-chain"
            ]
          },
          {
            "name": {
              "vipObjectType": "object",
              "vipType": "constant",
              "vipValue": "developer",
              "vipVariableName": "user_name"
            },
            "password": {
              "vipObjectType": "object",
              "vipType": "constant",
              "vipValue": "$6$Nct7lA==$T4Xj1PHNb/DxcgvXzE6lxZmxe6D7dJPKSXOldGxpXaWZiA9beEQS6qld523YSx.uocHsVx3iiKu8KBJCV7q9p/"
            },
            "description": {
              "vipObjectType": "object",
              "vipType": "ignore",
              "vipValue": "",
              "vipVariableName": "user_description"
            },
            "group": {
              "vipType": "constant",
              "vipValue": [
                {
                  "vipType": "constant",
                  "vipValue": "netadmin",
                  "vipObjectType": "object"
                }
              ],
              "vipObjectType": "list",
              "vipVariableName": "user_group"
            },
            "pubkey-chain": {
              "vipObjectType": "tree",
              "vipType": "ignore",
              "vipValue": [],
              "vipVariableName": "user_pubkey_chain_1",
              "vipPrimaryKey": [
                "usertag"
              ]
            },
            "priority-order": [
              "name",
              "password",
              "secret",
              "description",
              "group",
              "pubkey-chain"
            ]
          }
        ],
        "vipObjectType": "tree",
        "vipPrimaryKey": [
          "name"
        ]
      },
      "accounting": {
        "key": "accounting",
        "description": "Enable/disable user accounting",
        "details": "Enable/disable user accounting",
        "optionType": [
          {
            "value": "constant",
            "display": "Global",
            "iconClass": "language",
            "iconColor": "icon-global"
          },
          {
            "value": "variable",
            "display": "Device Specific",
            "iconClass": "router",
            "iconColor": "icon-variable"
          },
          {
            "value": "ignore",
            "display": "Default",
            "iconClass": "check_circle",
            "iconColor": "icon-default"
          }
        ],
        "originalDefaultOption": "ignore",
        "defaultOption": "ignore",
        "dataType": {
          "type": "boolean",
          "default": "false"
        },
        "dataPath": [
          "aaa"
        ],
        "vipObjectType": "object",
        "objectType": "object",
        "deleteFlag": false,
        "vipValue": "false",
        "vipType": "ignore",
        "vipVariableName": "aaa_accounting"
      },
      "ciscotacro-user": {
        "vipObjectType": "object",
        "vipType": "constant",
        "vipValue": true
      },
      "ciscotacrw-user": {
        "vipObjectType": "object",
        "vipType": "constant",
        "vipValue": true
      }
    },
    "tacacs": {
      "timeout": {
        "vipObjectType": "object",
        "vipType": "ignore",
        "vipValue": 5,
        "vipVariableName": "tacacs_timeout"
      },
      "authentication": {
        "vipObjectType": "object",
        "vipType": "ignore",
        "vipValue": "pap",
        "vipVariableName": "tacacs_authentication"
      }
    },
    "radius": {
      "timeout": {
        "vipObjectType": "object",
        "vipType": "ignore",
        "vipValue": 5,
        "vipVariableName": "radius_timeout"
      },
      "retransmit": {
        "vipObjectType": "object",
        "vipType": "ignore",
        "vipValue": 3,
        "vipVariableName": "retransmit"
      }
    }
  },
  "gTemplateClass": "vedge",
  "templateDefinition": {
    "aaa": {
      "auth-order": {
        "vipType": "constant",
        "vipValue": [
          {
            "vipType": "constant",
            "vipValue": "local",
            "vipObjectType": "object"
          },
          {
            "vipType": "constant",
            "vipValue": "radius",
            "vipObjectType": "object"
          },
          {
            "vipType": "constant",
            "vipValue": "tacacs",
            "vipObjectType": "object"
          }
        ],
        "vipObjectType": "list",
        "vipVariableName": "auth_order"
      },
      "auth-fallback": {
        "vipObjectType": "object",
        "vipType": "ignore",
        "vipValue": "false",
        "vipVariableName": "auth_fallback"
      },
      "admin-auth-order": {
        "vipObjectType": "object",
        "vipType": "ignore",
        "vipValue": "false",
        "vipVariableName": "admin_auth_order"
      },
      "logs": {
        "audit-disable": {
          "vipObjectType": "object",
          "vipType": "ignore",
          "vipValue": "false",
          "vipVariableName": "disable_audit_logs"
        },
        "netconf-disable": {
          "vipObjectType": "object",
          "vipType": "ignore",
          "vipValue": "false",
          "vipVariableName": "disable_netconf_logs"
        }
      },
      "radius-servers": {
        "vipObjectType": "list",
        "vipType": "ignore",
        "vipValue": [
          ""
        ],
        "vipVariableName": "radius_servers"
      },
      "usergroup": {
        "vipType": "constant",
        "vipValue": [
          {
            "name": {
              "vipObjectType": "object",
              "vipType": "constant",
              "vipValue": "netadmin"
            },
            "viewMode": "view",
            "priority-order": [
              "name"
            ]
          },
          {
            "name": {
              "vipObjectType": "object",
              "vipType": "constant",
              "vipValue": "basic"
            },
            "priority-order": [
              "name",
              "task"
            ],
            "task": {
              "vipType": "constant",
              "vipValue": [
                {
                  "mode": {
                    "vipType": "constant",
                    "vipValue": "system",
                    "vipObjectType": "object"
                  },
                  "permission": {
                    "vipType": "constant",
                    "vipValue": [
                      {
                        "vipType": "constant",
                        "vipValue": "read",
                        "vipObjectType": "object"
                      },
                      {
                        "vipType": "constant",
                        "vipValue": "write",
                        "vipObjectType": "object"
                      }
                    ],
                    "vipObjectType": "list"
                  },
                  "priority-order": [
                    "mode",
                    "permission"
                  ]
                },
                {
                  "mode": {
                    "vipType": "constant",
                    "vipValue": "interface",
                    "vipObjectType": "object"
                  },
                  "permission": {
                    "vipType": "constant",
                    "vipValue": [
                      {
                        "vipType": "constant",
                        "vipValue": "read",
                        "vipObjectType": "object"
                      },
                      {
                        "vipType": "constant",
                        "vipValue": "write",
                        "vipObjectType": "object"
                      }
                    ],
                    "vipObjectType": "list"
                  },
                  "priority-order": [
                    "mode",
                    "permission"
                  ]
                }
              ],
              "vipObjectType": "tree",
              "vipPrimaryKey": [
                "mode"
              ]
            },
            "viewMode": "edit"
          },
          {
            "name": {
              "vipObjectType": "object",
              "vipType": "constant",
              "vipValue": "operator"
            },
            "priority-order": [
              "name",
              "task"
            ],
            "task": {
              "vipType": "constant",
              "vipValue": [
                {
                  "mode": {
                    "vipType": "constant",
                    "vipValue": "system",
                    "vipObjectType": "object"
                  },
                  "permission": {
                    "vipType": "constant",
                    "vipValue": [
                      {
                        "vipType": "constant",
                        "vipValue": "read",
                        "vipObjectType": "object"
                      }
                    ],
                    "vipObjectType": "list"
                  },
                  "priority-order": [
                    "mode",
                    "permission"
                  ]
                },
                {
                  "mode": {
                    "vipType": "constant",
                    "vipValue": "interface",
                    "vipObjectType": "object"
                  },
                  "permission": {
                    "vipType": "constant",
                    "vipValue": [
                      {
                        "vipType": "constant",
                        "vipValue": "read",
                        "vipObjectType": "object"
                      }
                    ],
                    "vipObjectType": "list"
                  },
                  "priority-order": [
                    "mode",
                    "permission"
                  ]
                },
                {
                  "mode": {
                    "vipType": "constant",
                    "vipValue": "policy",
                    "vipObjectType": "object"
                  },
                  "permission": {
                    "vipType": "constant",
                    "vipValue": [
                      {
                        "vipType": "constant",
                        "vipValue": "read",
                        "vipObjectType": "object"
                      }
                    ],
                    "vipObjectType": "list"
                  },
                  "priority-order": [
                    "mode",
                    "permission"
                  ]
                },
                {
                  "mode": {
                    "vipType": "constant",
                    "vipValue": "routing",
                    "vipObjectType": "object"
                  },
                  "permission": {
                    "vipType": "constant",
                    "vipValue": [
                      {
                        "vipType": "constant",
                        "vipValue": "read",
                        "vipObjectType": "object"
                      }
                    ],
                    "vipObjectType": "list"
                  },
                  "priority-order": [
                    "mode",
                    "permission"
                  ]
                },
                {
                  "mode": {
                    "vipType": "constant",
                    "vipValue": "security",
                    "vipObjectType": "object"
                  },
                  "permission": {
                    "vipType": "constant",
                    "vipValue": [
                      {
                        "vipType": "constant",
                        "vipValue": "read",
                        "vipObjectType": "object"
                      }
                    ],
                    "vipObjectType": "list"
                  },
                  "priority-order": [
                    "mode",
                    "permission"
                  ]
                }
              ],
              "vipObjectType": "tree",
              "vipPrimaryKey": [
                "mode"
              ]
            },
            "viewMode": "edit"
          }
        ],
        "vipObjectType": "tree",
        "vipPrimaryKey": [
          "name"
        ]
      },
      "user": {
        "vipType": "constant",
        "vipValue": [
          {
            "vipOptional": false,
            "name": {
              "vipObjectType": "object",
              "vipType": "constant",
              "vipValue": "admin",
              "vipVariableName": "user_name_0"
            },
            "password": {
              "vipObjectType": "object",
              "vipType": "constant",
              "vipValue": "$6$af67fad2b039a8a9$C6MZAmOAbCcKCClwLb10lWBO6sPdA/nMlnyq99Q9ZFx.5GKYr/PCp2tsj24/k6XrTZgZzXXv40G5X5DItaUO40"
            },
            "pubkey-chain": {
              "vipObjectType": "tree",
              "vipType": "ignore",
              "vipValue": [],
              "vipVariableName": "user_pubkey_chain_0",
              "vipPrimaryKey": [
                "usertag"
              ]
            },
            "description": {
              "vipObjectType": "object",
              "vipType": "ignore",
              "vipValue": ""
            },
            "group": {
              "vipType": "ignore",
              "vipValue": [],
              "vipObjectType": "list"
            },
            "priority-order": [
              "name",
              "password",
              "secret",
              "description",
              "group",
              "pubkey-chain"
            ]
          },
          {
            "name": {
              "vipObjectType": "object",
              "vipType": "constant",
              "vipValue": "developer",
              "vipVariableName": "user_name"
            },
            "password": {
              "vipObjectType": "object",
              "vipType": "constant",
              "vipValue": "$6$Nct7lA==$T4Xj1PHNb/DxcgvXzE6lxZmxe6D7dJPKSXOldGxpXaWZiA9beEQS6qld523YSx.uocHsVx3iiKu8KBJCV7q9p/"
            },
            "description": {
              "vipObjectType": "object",
              "vipType": "ignore",
              "vipValue": "",
              "vipVariableName": "user_description"
            },
            "group": {
              "vipType": "constant",
              "vipValue": [
                {
                  "vipType": "constant",
                  "vipValue": "netadmin",
                  "vipObjectType": "object"
                }
              ],
              "vipObjectType": "list",
              "vipVariableName": "user_group"
            },
            "pubkey-chain": {
              "vipObjectType": "tree",
              "vipType": "ignore",
              "vipValue": [],
              "vipVariableName": "user_pubkey_chain_1",
              "vipPrimaryKey": [
                "usertag"
              ]
            },
            "priority-order": [
              "name",
              "password",
              "secret",
              "description",
              "group",
              "pubkey-chain"
            ]
          }
        ],
        "vipObjectType": "tree",
        "vipPrimaryKey": [
          "name"
        ]
      },
      "accounting": {
        "key": "accounting",
        "description": "Enable/disable user accounting",
        "details": "Enable/disable user accounting",
        "optionType": [
          {
            "value": "constant",
            "display": "Global",
            "iconClass": "language",
            "iconColor": "icon-global"
          },
          {
            "value": "variable",
            "display": "Device Specific",
            "iconClass": "router",
            "iconColor": "icon-variable"
          },
          {
            "value": "ignore",
            "display": "Default",
            "iconClass": "check_circle",
            "iconColor": "icon-default"
          }
        ],
        "originalDefaultOption": "ignore",
        "defaultOption": "ignore",
        "dataType": {
          "type": "boolean",
          "default": "false"
        },
        "dataPath": [
          "aaa"
        ],
        "vipObjectType": "object",
        "objectType": "object",
        "deleteFlag": false,
        "vipValue": "false",
        "vipType": "ignore",
        "vipVariableName": "aaa_accounting"
      },
      "ciscotacro-user": {
        "vipObjectType": "object",
        "vipType": "constant",
        "vipValue": true
      },
      "ciscotacrw-user": {
        "vipObjectType": "object",
        "vipType": "constant",
        "vipValue": true
      }
    },
    "tacacs": {
      "timeout": {
        "vipObjectType": "object",
        "vipType": "ignore",
        "vipValue": 5,
        "vipVariableName": "tacacs_timeout"
      },
      "authentication": {
        "vipObjectType": "object",
        "vipType": "ignore",
        "vipValue": "pap",
        "vipVariableName": "tacacs_authentication"
      }
    },
    "radius": {
      "timeout": {
        "vipObjectType": "object",
        "vipType": "ignore",
        "vipValue": 5,
        "vipVariableName": "radius_timeout"
      },
      "retransmit": {
        "vipObjectType": "object",
        "vipType": "ignore",
        "vipValue": 3,
        "vipVariableName": "retransmit"
      }
    }
  },
  "configType": "xml",
  "attachedMastersCount": 1,
  "templateId": "d5e934cc-9dd3-4c2e-9012-f86f9f857a10",
  "createdOn": 1685313671333,
  "@rid": 1451,
  "factoryDefault": false,
  "feature": "vmanage-default",
  "createdBy": "admin",
  "templateName": "Site_3_vEdge_AAA_Template",
  "devicesAttached": 0,
  "templateDescription": "Site_3_vEdge_AAA_Template",
  "lastUpdatedOn": 1685313671333
}