{
  "deviceType": [
    "vsmart"
  ],
  "templateMinVersion": "15.0.0",
  "templateType": "ntp",
  "lastUpdatedBy": "admin",
  "editedTemplateDefinition": {
    "keys": {
      "trusted": {
        "vipObjectType": "list",
        "vipType": "ignore",
        "vipVariableName": "trusted_key"
      }
    },
    "server": {
      "vipType": "constant",
      "vipValue": [
        {
          "name": {
            "vipObjectType": "object",
            "vipType": "constant",
            "vipValue": "10.17.251.250",
            "vipVariableName": "ntp_server_host"
          },
          "key": {
            "vipObjectType": "object",
            "vipType": "ignore",
            "vipVariableName": "ntp_server_server_auth_key"
          },
          "vpn": {
            "vipObjectType": "object",
            "vipType": "ignore",
            "vipValue": 0,
            "vipVariableName": "ntp_server_vpn"
          },
          "version": {
            "vipObjectType": "object",
            "vipType": "ignore",
            "vipValue": 4,
            "vipVariableName": "ntp_server_version"
          },
          "source-interface": {
            "vipObjectType": "object",
            "vipType": "ignore",
            "vipVariableName": "ntp_server_source_interface"
          },
          "prefer": {
            "vipObjectType": "object",
            "vipType": "ignore",
            "vipValue": "false",
            "vipVariableName": "ntp_server_prefer"
          },
          "priority-order": [
            "name",
            "key",
            "vpn",
            "version",
            "source-interface",
            "prefer"
          ]
        }
      ],
      "vipObjectType": "tree",
      "vipPrimaryKey": [
        "name"
      ]
    }
  },
  "gTemplateClass": "vedge",
  "templateDefinition": {
    "keys": {
      "trusted": {
        "vipObjectType": "list",
        "vipType": "ignore",
        "vipVariableName": "trusted_key"
      }
    },
    "server": {
      "vipType": "constant",
      "vipValue": [
        {
          "name": {
            "vipObjectType": "object",
            "vipType": "constant",
            "vipValue": "10.17.251.250",
            "vipVariableName": "ntp_server_host"
          },
          "key": {
            "vipObjectType": "object",
            "vipType": "ignore",
            "vipVariableName": "ntp_server_server_auth_key"
          },
          "vpn": {
            "vipObjectType": "object",
            "vipType": "ignore",
            "vipValue": 0,
            "vipVariableName": "ntp_server_vpn"
          },
          "version": {
            "vipObjectType": "object",
            "vipType": "ignore",
            "vipValue": 4,
            "vipVariableName": "ntp_server_version"
          },
          "source-interface": {
            "vipObjectType": "object",
            "vipType": "ignore",
            "vipVariableName": "ntp_server_source_interface"
          },
          "prefer": {
            "vipObjectType": "object",
            "vipType": "ignore",
            "vipValue": "false",
            "vipVariableName": "ntp_server_prefer"
          },
          "priority-order": [
            "name",
            "key",
            "vpn",
            "version",
            "source-interface",
            "prefer"
          ]
        }
      ],
      "vipObjectType": "tree",
      "vipPrimaryKey": [
        "name"
      ]
    }
  },
  "configType": "xml",
  "attachedMastersCount": 0,
  "templateId": "05d37f91-8460-4eb0-a5d7-eb18d6449db4",
  "createdOn": 1685313667614,
  "@rid": 334,
  "factoryDefault": false,
  "feature": "vmanage-default",
  "createdBy": "admin",
  "templateName": "vSmart_NTP_Template",
  "devicesAttached": 0,
  "templateDescription": "vSmart_NTP_Template",
  "lastUpdatedOn": 1685313667614
}