[
  {
    "host-name": "site1-cedge01",
    "deviceIP": "10.10.1.13",
    "local-system-ip": "10.10.1.13",
    "site-id": "1001",
    "device-groups": [
      "No groups"
    ],
    "uuid": "C8K-7B7B98B0-4FF2-273A-D915-9CC9DC3B835C",
    "personality": "vedge",
    "configCloudxMode": "none"
  },
  {
    "host-name": "site2-cedge01",
    "deviceIP": "10.10.1.15",
    "local-system-ip": "10.10.1.15",
    "site-id": "1002",
    "device-groups": [
      "No groups"
    ],
    "uuid": "C8K-54A8601A-DFA6-9446-6E31-F06E42F1EFC6",
    "personality": "vedge",
    "configCloudxMode": "none"
  }
]