{
  "listId": "23d01c3e-ea22-4406-945f-0a67b02af9dd",
  "name": "Outlook-SLA-Class",
  "type": "sla",
  "description": "Desc Not Required",
  "entries": [
    {
      "latency": "300",
      "loss": "2",
      "jitter": "2"
    }
  ],
  "lastUpdated": 1685313659386,
  "owner": "admin",
  "readOnly": false,
  "version": "0",
  "infoTag": "",
  "referenceCount": 1,
  "references": [
    {
      "id": "fa3a630f-7390-4151-9d40-02f7f63eb5cf",
      "type": "appRoute"
    }
  ],
  "isActivatedByVsmart": false
}