{
  "definitionId": "fa3a630f-7390-4151-9d40-02f7f63eb5cf",
  "name": "Outlook-AAR-Policy",
  "type": "appRoute",
  "description": "Outlook-AAR-Policy",
  "sequences": [
    {
      "sequenceId": 1,
      "sequenceName": "App Route",
      "sequenceType": "appRoute",
      "sequenceIpType": "ipv4",
      "match": {
        "entries": [
          {
            "field": "appList",
            "ref": "8063c926-e055-4ca6-b5cf-223a6380961c"
          }
        ]
      },
      "actions": [
        {
          "type": "slaClass",
          "parameter": [
            {
              "field": "name",
              "ref": "23d01c3e-ea22-4406-945f-0a67b02af9dd"
            },
            {
              "field": "preferredColor",
              "value": "mpls"
            }
          ]
        }
      ]
    }
  ],
  "lastUpdated": 1685313662425,
  "owner": "admin",
  "infoTag": "",
  "mode": "",
  "optimized": "false",
  "referenceCount": 1,
  "references": [
    {
      "id": "d15fa302-1453-4ed8-9d21-19b4de3806cb",
      "property": "policyId"
    }
  ],
  "isActivatedByVsmart": false
}