{
  "templateName": "DC_cEdge_Template",
  "templateDescription": "DC_cEdge_Template",
  "deviceType": "vedge-C8000V",
  "deviceRole": "sdwan-edge",
  "configType": "template",
  "factoryDefault": false,
  "policyId": "",
  "featureTemplateUidRange": [],
  "generalTemplates": [
    {
      "templateId": "73bdf13b-9c39-48ca-a126-ee29a085e532",
      "templateType": "cedge_aaa"
    },
    {
      "templateId": "7ef8f7c8-3291-490b-85b2-e87f6006295c",
      "templateType": "cisco_bfd"
    },
    {
      "templateId": "a28f93ef-72e3-4445-96a4-f061dbca9091",
      "templateType": "cisco_omp"
    },
    {
      "templateId": "f960808c-b1b6-4f55-a2b2-5d4ace477310",
      "templateType": "cisco_security"
    },
    {
      "templateId": "cd5be415-6377-42f0-ad5b-3979f9e77d95",
      "templateType": "cisco_system",
      "subTemplates": [
        {
          "templateId": "34f5afa8-a6b9-4465-9cab-001324a70ff3",
          "templateType": "cisco_logging"
        }
      ]
    },
    {
      "templateId": "d74dc7ed-b1d7-4af9-a8ed-b5eaf08acfca",
      "templateType": "cisco_vpn",
      "subTemplates": [
        {
          "templateId": "e518bbe4-96cd-4285-be7b-3e9181981753",
          "templateType": "cisco_vpn_interface"
        },
        {
          "templateId": "abeebb75-41e4-454e-8509-8b74d329b6b4",
          "templateType": "cisco_vpn_interface"
        }
      ]
    },
    {
      "templateId": "bc617182-acdc-4edd-9ca5-230603d39879",
      "templateType": "cisco_vpn",
      "subTemplates": [
        {
          "templateId": "a063d7b6-e01a-47f0-afab-a909cd844e99",
          "templateType": "cisco_vpn_interface"
        }
      ]
    },
    {
      "templateId": "5afce464-37a0-4955-a9be-a12089231c03",
      "templateType": "cisco_vpn",
      "subTemplates": [
        {
          "templateId": "4fe94665-2ee3-4bef-b88a-b41419879a68",
          "templateType": "cisco_ospf"
        },
        {
          "templateId": "963fa935-ef44-44ca-a40d-46968bd3d06c",
          "templateType": "cisco_vpn_interface"
        }
      ]
    },
    {
      "templateId": "56e134b4-71e3-46a2-9c53-7ba10ec2ca3e",
      "templateType": "cedge_global"
    }
  ],
  "templateClass": "cedge",
  "draftMode": false,
  "templateId": "40a9e8b9-f056-4574-97df-3019ccc978ae"
}