{
  "templateName": "Default_SDBranch_C8000V_Template_V01",
  "templateDescription": "Default device template for SD Branch C8000V",
  "deviceType": "vedge-C8000V",
  "configType": "template",
  "factoryDefault": true,
  "policyId": "",
  "featureTemplateUidRange": [],
  "connectionPreference": true,
  "connectionPreferenceRequired": true,
  "generalTemplates": [
    {
      "templateId": "5c64dac5-2c0e-4ea3-9ce1-e2727307f532",
      "templateType": "cedge_aaa"
    },
    {
      "templateId": "79c16ff7-cb4b-420a-a13a-68505f5ae349",
      "templateType": "cisco_bfd"
    },
    {
      "templateId": "5b9939d8-b9ea-4656-b99f-25cac72b1b40",
      "templateType": "cisco_omp"
    },
    {
      "templateId": "7f96765e-09c9-4a3f-a459-b44daa2117ba",
      "templateType": "cisco_security"
    },
    {
      "templateId": "9d83bbcf-c1f9-42f1-80c7-f32e2f2056e6",
      "templateType": "cisco_system",
      "subTemplates": [
        {
          "templateId": "03ecf589-f994-4c28-966e-06eb13437ffe",
          "templateType": "cisco_logging"
        }
      ]
    },
    {
      "templateId": "c3d71ecd-4c06-454f-b9d0-b50204c1ab66",
      "templateType": "cisco_vpn",
      "subTemplates": [
        {
          "templateId": "9c99eb0b-a4d1-40a2-b1c4-324b242200b1",
          "templateType": "cisco_vpn_interface"
        }
      ]
    },
    {
      "templateId": "9d04638b-2e39-432b-af06-e442c7f3029c",
      "templateType": "cisco_vpn",
      "subTemplates": [
        {
          "templateId": "1cb39397-2e01-4371-a894-db096622b576",
          "templateType": "cisco_vpn_interface"
        }
      ]
    },
    {
      "templateId": "edf5ef4c-a7af-459c-ba63-3f5783352970",
      "templateType": "cisco_vpn",
      "subTemplates": [
        {
          "templateId": "6ed1ad55-3a27-42d5-bae0-774ba17180cc",
          "templateType": "cisco_vpn_interface"
        }
      ]
    },
    {
      "templateId": "0d6d95df-46ab-4ef8-b8ca-0a134cdd64df",
      "templateType": "cisco_vpn",
      "subTemplates": [
        {
          "templateId": "a6744107-9707-43fa-bfa2-0119f22c8dda",
          "templateType": "cisco_vpn_interface"
        }
      ]
    },
    {
      "templateId": "56e134b4-71e3-46a2-9c53-7ba10ec2ca3e",
      "templateType": "cedge_global"
    },
    {
      "templateId": "ede9f451-ee08-40fe-adf5-674cf3b82530",
      "templateType": "cisco_banner"
    }
  ],
  "templateClass": "cedge",
  "templateId": "f882c4dd-942c-4651-8dd1-8a87dcffab98",
  "deviceRole": "sdwan-edge",
  "draftMode": false
}