{
  "templateName": "Default_MEGAPORT_ICGW_C8000V_Template_V01",
  "templateDescription": "Default device template for Megaport Interconnect Gateway C8000V",
  "deviceType": "vedge-C8000V",
  "configType": "template",
  "factoryDefault": true,
  "policyId": "",
  "featureTemplateUidRange": [],
  "connectionPreference": true,
  "connectionPreferenceRequired": true,
  "generalTemplates": [
    {
      "templateId": "5c64dac5-2c0e-4ea3-9ce1-e2727307f532",
      "templateType": "cedge_aaa"
    },
    {
      "templateId": "79c16ff7-cb4b-420a-a13a-68505f5ae349",
      "templateType": "cisco_bfd"
    },
    {
      "templateId": "3d3dd008-2ed1-4f60-b256-f31ebac32932",
      "templateType": "cisco_omp"
    },
    {
      "templateId": "7f96765e-09c9-4a3f-a459-b44daa2117ba",
      "templateType": "cisco_security"
    },
    {
      "templateId": "4614bdda-e5e7-415c-82aa-e10ac0e0c0c8",
      "templateType": "cisco_system",
      "subTemplates": [
        {
          "templateId": "03ecf589-f994-4c28-966e-06eb13437ffe",
          "templateType": "cisco_logging"
        }
      ]
    },
    {
      "templateId": "30370acc-10c3-4afb-a44d-33d05ee46920",
      "templateType": "cisco_vpn",
      "subTemplates": [
        {
          "templateId": "36d7d206-603f-4de3-bc4e-69cbc1e4d9ae",
          "templateType": "cisco_vpn_interface"
        }
      ]
    },
    {
      "templateId": "56e134b4-71e3-46a2-9c53-7ba10ec2ca3e",
      "templateType": "cedge_global"
    }
  ],
  "templateClass": "cedge",
  "templateId": "9cb3403e-5c0f-4a75-a8b7-fa08b5f1b2e9",
  "deviceRole": "sdwan-edge",
  "draftMode": false
}