{
  "templateName": "Default_Azure_vWAN_C8000V_Template_V01",
  "templateDescription": "Default device template for Azure vWAN C8000V",
  "deviceType": "vedge-C8000V",
  "configType": "template",
  "factoryDefault": true,
  "policyId": "",
  "featureTemplateUidRange": [],
  "connectionPreference": true,
  "connectionPreferenceRequired": true,
  "generalTemplates": [
    {
      "templateId": "5c64dac5-2c0e-4ea3-9ce1-e2727307f532",
      "templateType": "cedge_aaa"
    },
    {
      "templateId": "79c16ff7-cb4b-420a-a13a-68505f5ae349",
      "templateType": "cisco_bfd"
    },
    {
      "templateId": "60d0b3a0-3d2a-4740-8485-ff7dc4a0b545",
      "templateType": "cisco_omp"
    },
    {
      "templateId": "7f96765e-09c9-4a3f-a459-b44daa2117ba",
      "templateType": "cisco_security"
    },
    {
      "templateId": "4614bdda-e5e7-415c-82aa-e10ac0e0c0c8",
      "templateType": "cisco_system",
      "subTemplates": [
        {
          "templateId": "03ecf589-f994-4c28-966e-06eb13437ffe",
          "templateType": "cisco_logging"
        }
      ]
    },
    {
      "templateId": "41b34d78-e897-49a2-9bc0-7ca4f095bdd5",
      "templateType": "cisco_vpn",
      "subTemplates": [
        {
          "templateId": "daf744f9-3651-4ac9-9033-28d25701d005",
          "templateType": "cisco_vpn_interface"
        },
        {
          "templateId": "1158e0d8-0aae-4c85-8a87-a85626fffb2b",
          "templateType": "cisco_vpn_interface"
        }
      ]
    },
    {
      "templateId": "24b6a8b1-3ee1-4d1a-a6af-26de36335ae4",
      "templateType": "cisco_vpn"
    },
    {
      "templateId": "56e134b4-71e3-46a2-9c53-7ba10ec2ca3e",
      "templateType": "cedge_global"
    }
  ],
  "templateClass": "cedge",
  "templateId": "00a33ade-fae4-4fec-aba6-90586eabc45d",
  "deviceRole": "sdwan-edge",
  "draftMode": false
}