{
  "templateName": "Default_GCP_C8000V_Template_V01",
  "templateDescription": "Default device template for GCP C8000V",
  "deviceType": "vedge-C8000V",
  "configType": "template",
  "factoryDefault": true,
  "policyId": "",
  "featureTemplateUidRange": [],
  "connectionPreference": true,
  "connectionPreferenceRequired": true,
  "generalTemplates": [
    {
      "templateId": "5c64dac5-2c0e-4ea3-9ce1-e2727307f532",
      "templateType": "cedge_aaa"
    },
    {
      "templateId": "79c16ff7-cb4b-420a-a13a-68505f5ae349",
      "templateType": "cisco_bfd"
    },
    {
      "templateId": "7b99ac55-e72e-40d5-93f5-cb753e0f728e",
      "templateType": "cisco_omp"
    },
    {
      "templateId": "7f96765e-09c9-4a3f-a459-b44daa2117ba",
      "templateType": "cisco_security"
    },
    {
      "templateId": "4614bdda-e5e7-415c-82aa-e10ac0e0c0c8",
      "templateType": "cisco_system",
      "subTemplates": [
        {
          "templateId": "03ecf589-f994-4c28-966e-06eb13437ffe",
          "templateType": "cisco_logging"
        }
      ]
    },
    {
      "templateId": "2bc323ab-d430-41d4-963a-a9772aa55721",
      "templateType": "cisco_vpn",
      "subTemplates": [
        {
          "templateId": "4aee24e8-ef2d-454f-a6f5-b7982e806ed6",
          "templateType": "cisco_vpn_interface"
        }
      ]
    },
    {
      "templateId": "55cb57cb-9f82-4fc3-b0bd-42cabb2469b0",
      "templateType": "cisco_vpn"
    },
    {
      "templateId": "56e134b4-71e3-46a2-9c53-7ba10ec2ca3e",
      "templateType": "cedge_global"
    }
  ],
  "templateClass": "cedge",
  "templateId": "c8ff1845-2f41-4d37-aff6-cdd2512f0a69",
  "deviceRole": "sdwan-edge",
  "draftMode": false
}