{
  "templateName": "Default_BOOTSTRAP_STATIC_8000V_Template_V01",
  "templateDescription": "Default device template for AWS TGW C8000V",
  "deviceType": "vedge-C8000V",
  "configType": "template",
  "factoryDefault": true,
  "policyId": "",
  "featureTemplateUidRange": [],
  "connectionPreference": true,
  "connectionPreferenceRequired": true,
  "generalTemplates": [
    {
      "templateId": "5c64dac5-2c0e-4ea3-9ce1-e2727307f532",
      "templateType": "cedge_aaa"
    },
    {
      "templateId": "79c16ff7-cb4b-420a-a13a-68505f5ae349",
      "templateType": "cisco_bfd"
    },
    {
      "templateId": "5b9939d8-b9ea-4656-b99f-25cac72b1b40",
      "templateType": "cisco_omp"
    },
    {
      "templateId": "7f96765e-09c9-4a3f-a459-b44daa2117ba",
      "templateType": "cisco_security"
    },
    {
      "templateId": "9d83bbcf-c1f9-42f1-80c7-f32e2f2056e6",
      "templateType": "cisco_system",
      "subTemplates": [
        {
          "templateId": "03ecf589-f994-4c28-966e-06eb13437ffe",
          "templateType": "cisco_logging"
        }
      ]
    },
    {
      "templateId": "c96d66c3-2015-4f58-bd8a-17c0b9a8091e",
      "templateType": "cisco_vpn",
      "subTemplates": [
        {
          "templateId": "04a6d178-ee91-45b6-8491-0a2ce123022d",
          "templateType": "cisco_vpn_interface"
        }
      ]
    },
    {
      "templateId": "0d6d95df-46ab-4ef8-b8ca-0a134cdd64df",
      "templateType": "cisco_vpn"
    },
    {
      "templateId": "56e134b4-71e3-46a2-9c53-7ba10ec2ca3e",
      "templateType": "cedge_global"
    }
  ],
  "templateClass": "cedge",
  "templateId": "31c2ba6f-8c0c-4ee4-80be-0563be0acc92",
  "deviceRole": "sdwan-edge",
  "draftMode": false
}