{
  "templateName": "Default_EQUINIX_DHCP_DNS_ICGW_CSR1000V_Template_V02",
  "templateDescription": "Default DHCP DNS device template for Equinix Interconnect Gateway CSR1000V",
  "deviceType": "vedge-CSR-1000v",
  "configType": "template",
  "factoryDefault": true,
  "policyId": "",
  "featureTemplateUidRange": [],
  "connectionPreference": true,
  "connectionPreferenceRequired": true,
  "generalTemplates": [
    {
      "templateId": "5c64dac5-2c0e-4ea3-9ce1-e2727307f532",
      "templateType": "cedge_aaa"
    },
    {
      "templateId": "79c16ff7-cb4b-420a-a13a-68505f5ae349",
      "templateType": "cisco_bfd"
    },
    {
      "templateId": "7eb6f649-1912-476a-a082-5f90165f791e",
      "templateType": "cisco_omp"
    },
    {
      "templateId": "7f96765e-09c9-4a3f-a459-b44daa2117ba",
      "templateType": "cisco_security"
    },
    {
      "templateId": "4614bdda-e5e7-415c-82aa-e10ac0e0c0c8",
      "templateType": "cisco_system",
      "subTemplates": [
        {
          "templateId": "03ecf589-f994-4c28-966e-06eb13437ffe",
          "templateType": "cisco_logging"
        }
      ]
    },
    {
      "templateId": "f98780c4-fadf-4a3a-ae43-235c07aa4ed4",
      "templateType": "cisco_vpn",
      "subTemplates": [
        {
          "templateId": "424d22d0-5156-4d3e-bd9b-613906452299",
          "templateType": "cisco_vpn_interface"
        }
      ]
    },
    {
      "templateId": "3f34895d-520e-4388-bffa-6d891987dac0",
      "templateType": "cisco_vpn",
      "subTemplates": [
        {
          "templateId": "4d169f66-dc40-4d38-80d6-f4150ed4b01a",
          "templateType": "cisco_vpn_interface"
        }
      ]
    },
    {
      "templateId": "56e134b4-71e3-46a2-9c53-7ba10ec2ca3e",
      "templateType": "cedge_global"
    }
  ],
  "templateClass": "cedge",
  "templateId": "42c01c2c-b916-45ee-8005-6d377ba5207c",
  "deviceRole": "sdwan-edge",
  "draftMode": false
}