{
  "templateName": "Default_SDBranch_vEdge_cloud_Template_V01",
  "templateDescription": "Default device template for SD Branch vedge cloud",
  "deviceType": "vedge-cloud",
  "configType": "template",
  "factoryDefault": true,
  "policyId": "",
  "featureTemplateUidRange": [],
  "connectionPreference": true,
  "connectionPreferenceRequired": true,
  "generalTemplates": [
    {
      "templateId": "92447b6a-a2a7-469b-9b0c-3863dc780187",
      "templateType": "aaa"
    },
    {
      "templateId": "05e13e78-fbc5-4580-ba81-fb3d32b03f30",
      "templateType": "bfd-vedge"
    },
    {
      "templateId": "a782bdf1-9fd1-42ef-9ab7-d220d266c956",
      "templateType": "omp-vedge"
    },
    {
      "templateId": "bd48e054-b8dc-4498-a5c0-85d22d55db0c",
      "templateType": "security-vedge"
    },
    {
      "templateId": "191621b5-c669-47f3-835b-087c88255cd5",
      "templateType": "system-vedge",
      "subTemplates": [
        {
          "templateId": "b1cb7bcf-ddc3-4265-87da-f6a136586d26",
          "templateType": "logging"
        }
      ]
    },
    {
      "templateId": "7475a5d1-ab60-4d60-a296-98bd87a4da46",
      "templateType": "vpn-vedge",
      "subTemplates": [
        {
          "templateId": "050066a3-0994-4467-834c-35da5da36b31",
          "templateType": "vpn-vedge-interface"
        }
      ]
    },
    {
      "templateId": "c7a9d073-a3d8-4099-a6e0-6005f7d19d66",
      "templateType": "vpn-vedge",
      "subTemplates": [
        {
          "templateId": "c3c51212-7567-43c1-b0e3-ba016be10462",
          "templateType": "vpn-vedge-interface"
        }
      ]
    },
    {
      "templateId": "1c150bc0-9b02-4dbb-8ff5-24f3ac5cec2d",
      "templateType": "vpn-vedge",
      "subTemplates": [
        {
          "templateId": "fe471409-b6e3-4ef3-a82b-96a66c352a27",
          "templateType": "vpn-vedge-interface"
        }
      ]
    },
    {
      "templateId": "5e7eb2d7-3006-49a1-8a3c-b5c4f590d522",
      "templateType": "vpn-vedge",
      "subTemplates": [
        {
          "templateId": "1765a5f9-911b-4ee7-abb5-3071f2179210",
          "templateType": "vpn-vedge-interface"
        }
      ]
    }
  ],
  "templateClass": "vedge",
  "templateId": "83796049-9e0e-42dd-b2bd-1fb8220d7856",
  "deviceRole": "sdwan-edge",
  "draftMode": false
}