{
  "templateName": "Default_BOOTSTRAP_DHCP_8000V_Template_V01",
  "templateDescription": "Default device template for onboarding C8000V devices with dhcp configurations",
  "deviceType": "vedge-C8000V",
  "configType": "template",
  "factoryDefault": true,
  "policyId": "",
  "featureTemplateUidRange": [],
  "connectionPreference": true,
  "connectionPreferenceRequired": true,
  "generalTemplates": [
    {
      "templateId": "5c64dac5-2c0e-4ea3-9ce1-e2727307f532",
      "templateType": "cedge_aaa"
    },
    {
      "templateId": "79c16ff7-cb4b-420a-a13a-68505f5ae349",
      "templateType": "cisco_bfd"
    },
    {
      "templateId": "5b9939d8-b9ea-4656-b99f-25cac72b1b40",
      "templateType": "cisco_omp"
    },
    {
      "templateId": "7f96765e-09c9-4a3f-a459-b44daa2117ba",
      "templateType": "cisco_security"
    },
    {
      "templateId": "9d83bbcf-c1f9-42f1-80c7-f32e2f2056e6",
      "templateType": "cisco_system",
      "subTemplates": [
        {
          "templateId": "03ecf589-f994-4c28-966e-06eb13437ffe",
          "templateType": "cisco_logging"
        }
      ]
    },
    {
      "templateId": "81eb4736-ec87-4a40-bc84-60fc9e348e10",
      "templateType": "cisco_vpn",
      "subTemplates": [
        {
          "templateId": "648954aa-89d7-4093-ae17-e6a70fbf0b80",
          "templateType": "cisco_vpn_interface"
        }
      ]
    },
    {
      "templateId": "0d6d95df-46ab-4ef8-b8ca-0a134cdd64df",
      "templateType": "cisco_vpn"
    },
    {
      "templateId": "9d83bbcf-c1f9-42f1-80c7-f32e2f2056e6",
      "templateType": "cedge_global"
    }
  ],
  "templateClass": "cedge",
  "templateId": "cfc764f8-66aa-4661-8a03-853a0461e075",
  "deviceRole": "sdwan-edge",
  "draftMode": false
}