{
  "templateName": "Default_SDBranch_ISRv_Template_V01",
  "templateDescription": "Default device template for SD Branch ISRv",
  "deviceType": "vedge-ISRv",
  "configType": "template",
  "factoryDefault": true,
  "policyId": "",
  "featureTemplateUidRange": [],
  "connectionPreference": true,
  "connectionPreferenceRequired": true,
  "generalTemplates": [
    {
      "templateId": "5c64dac5-2c0e-4ea3-9ce1-e2727307f532",
      "templateType": "cedge_aaa"
    },
    {
      "templateId": "7ef8f7c8-3291-490b-85b2-e87f6006295c",
      "templateType": "cisco_bfd"
    },
    {
      "templateId": "a28f93ef-72e3-4445-96a4-f061dbca9091",
      "templateType": "cisco_omp"
    },
    {
      "templateId": "f960808c-b1b6-4f55-a2b2-5d4ace477310",
      "templateType": "cisco_security"
    },
    {
      "templateId": "9d83bbcf-c1f9-42f1-80c7-f32e2f2056e6",
      "templateType": "cisco_system",
      "subTemplates": [
        {
          "templateId": "34f5afa8-a6b9-4465-9cab-001324a70ff3",
          "templateType": "cisco_logging"
        }
      ]
    },
    {
      "templateId": "c3d71ecd-4c06-454f-b9d0-b50204c1ab66",
      "templateType": "cisco_vpn",
      "subTemplates": [
        {
          "templateId": "9c99eb0b-a4d1-40a2-b1c4-324b242200b1",
          "templateType": "cisco_vpn_interface"
        }
      ]
    },
    {
      "templateId": "9d04638b-2e39-432b-af06-e442c7f3029c",
      "templateType": "cisco_vpn",
      "subTemplates": [
        {
          "templateId": "1cb39397-2e01-4371-a894-db096622b576",
          "templateType": "cisco_vpn_interface"
        }
      ]
    },
    {
      "templateId": "edf5ef4c-a7af-459c-ba63-3f5783352970",
      "templateType": "cisco_vpn",
      "subTemplates": [
        {
          "templateId": "6ed1ad55-3a27-42d5-bae0-774ba17180cc",
          "templateType": "cisco_vpn_interface"
        }
      ]
    },
    {
      "templateId": "42d0a545-c05e-4f4c-a137-c0c898b88383",
      "templateType": "cisco_vpn",
      "subTemplates": [
        {
          "templateId": "a6744107-9707-43fa-bfa2-0119f22c8dda",
          "templateType": "cisco_vpn_interface"
        }
      ]
    },
    {
      "templateId": "56e134b4-71e3-46a2-9c53-7ba10ec2ca3e",
      "templateType": "cedge_global"
    },
    {
      "templateId": "ede9f451-ee08-40fe-adf5-674cf3b82530",
      "templateType": "cisco_banner"
    }
  ],
  "templateClass": "cedge",
  "templateId": "1fffe2a7-0b50-4d9a-b11f-26950578890d",
  "deviceRole": "sdwan-edge",
  "draftMode": false
}