{
  "templateName": "Default_AWS_TGW_CSR1000V_Template_V01",
  "templateDescription": "Default device template for AWS TGW CSR1000V",
  "deviceType": "vedge-CSR-1000v",
  "configType": "template",
  "factoryDefault": true,
  "policyId": "",
  "featureTemplateUidRange": [],
  "connectionPreference": true,
  "connectionPreferenceRequired": true,
  "generalTemplates": [
    {
      "templateId": "5c64dac5-2c0e-4ea3-9ce1-e2727307f532",
      "templateType": "cedge_aaa"
    },
    {
      "templateId": "79c16ff7-cb4b-420a-a13a-68505f5ae349",
      "templateType": "cisco_bfd"
    },
    {
      "templateId": "5b9939d8-b9ea-4656-b99f-25cac72b1b40",
      "templateType": "cisco_omp"
    },
    {
      "templateId": "7f96765e-09c9-4a3f-a459-b44daa2117ba",
      "templateType": "cisco_security"
    },
    {
      "templateId": "4614bdda-e5e7-415c-82aa-e10ac0e0c0c8",
      "templateType": "cisco_system",
      "subTemplates": [
        {
          "templateId": "03ecf589-f994-4c28-966e-06eb13437ffe",
          "templateType": "cisco_logging"
        }
      ]
    },
    {
      "templateId": "e003c1bc-669e-4f3e-aa11-6cf734b838df",
      "templateType": "cisco_vpn",
      "subTemplates": [
        {
          "templateId": "22a9100e-2af0-428a-8fb3-289a6a8d16c5",
          "templateType": "cisco_vpn_interface"
        }
      ]
    },
    {
      "templateId": "0d6d95df-46ab-4ef8-b8ca-0a134cdd64df",
      "templateType": "cisco_vpn",
      "subTemplates": [
        {
          "templateId": "be4c8605-dce0-4413-bf81-45013bef7e96",
          "templateType": "cisco_vpn_interface"
        }
      ]
    },
    {
      "templateId": "56e134b4-71e3-46a2-9c53-7ba10ec2ca3e",
      "templateType": "cedge_global"
    }
  ],
  "templateClass": "cedge",
  "templateId": "7d135e57-255d-4891-b80e-8206f30a5fce",
  "deviceRole": "sdwan-edge",
  "draftMode": false
}