{
  "templateName": "Factory_Default_C1111_8PLTELA_V01",
  "templateDescription": "Factory Default template for C1111-8PLTELA",
  "deviceType": "vedge-C1111-8PLTELA",
  "configType": "template",
  "factoryDefault": true,
  "policyId": "",
  "featureTemplateUidRange": [],
  "connectionPreferenceRequired": true,
  "connectionPreference": true,
  "generalTemplates": [
    {
      "templateId": "5c64dac5-2c0e-4ea3-9ce1-e2727307f532",
      "templateType": "cedge_aaa"
    },
    {
      "templateId": "79c16ff7-cb4b-420a-a13a-68505f5ae349",
      "templateType": "cisco_bfd"
    },
    {
      "templateId": "7a40f1bb-df37-47dc-a524-c650b55f1ba8",
      "templateType": "cisco_omp"
    },
    {
      "templateId": "7f96765e-09c9-4a3f-a459-b44daa2117ba",
      "templateType": "cisco_security"
    },
    {
      "templateId": "4614bdda-e5e7-415c-82aa-e10ac0e0c0c8",
      "templateType": "cisco_system",
      "subTemplates": [
        {
          "templateId": "03ecf589-f994-4c28-966e-06eb13437ffe",
          "templateType": "cisco_logging"
        }
      ]
    },
    {
      "templateId": "a42ae7c4-0966-49cd-9c57-d3c9a960f72f",
      "templateType": "cisco_vpn",
      "subTemplates": [
        {
          "templateId": "1d2b236e-0223-418b-a81b-5c2f8c0e17bc",
          "templateType": "cisco_vpn_interface"
        }
      ]
    },
    {
      "templateId": "34599dff-719c-4764-b950-e30a53e97771",
      "templateType": "cisco_vpn",
      "subTemplates": [
        {
          "templateId": "31fdb57b-a097-4a67-bba0-f8c1dde12c37",
          "templateType": "vpn-interface-svi"
        }
      ]
    },
    {
      "templateId": "6e89eca7-edc3-4156-8cc5-8df7d30050da",
      "templateType": "cisco_vpn",
      "subTemplates": [
        {
          "templateId": "b1ef35c5-ee4d-4096-8aba-443ca52d0d61",
          "templateType": "cisco_vpn_interface"
        }
      ]
    },
    {
      "templateId": "56e134b4-71e3-46a2-9c53-7ba10ec2ca3e",
      "templateType": "cedge_global"
    },
    {
      "templateId": "cd4bfe57-876f-479d-aa7f-cebfc6a7456b",
      "templateType": "cellular-cedge-controller"
    },
    {
      "templateId": "bb2b4983-642e-4b28-ae89-3603118b576d",
      "templateType": "switchport"
    }
  ],
  "templateClass": "cedge",
  "templateId": "d3872c47-5ffd-4b2e-8224-e9298fe80e55",
  "deviceRole": "sdwan-edge",
  "draftMode": false
}