{
  "templateName": "Factory_Default_CSR_1000V_V01",
  "templateDescription": "Factory Default template for CSR 1000V",
  "deviceType": "vedge-CSR-1000v",
  "configType": "template",
  "factoryDefault": true,
  "policyId": "",
  "featureTemplateUidRange": [],
  "connectionPreference": true,
  "connectionPreferenceRequired": true,
  "generalTemplates": [
    {
      "templateType": "cedge_aaa",
      "templateId": "5c64dac5-2c0e-4ea3-9ce1-e2727307f532"
    },
    {
      "templateType": "cisco_system",
      "subTemplates": [
        {
          "templateType": "cisco_logging",
          "templateId": "03ecf589-f994-4c28-966e-06eb13437ffe"
        }
      ],
      "templateId": "4614bdda-e5e7-415c-82aa-e10ac0e0c0c8"
    },
    {
      "templateType": "cedge_aaa",
      "templateId": "5c64dac5-2c0e-4ea3-9ce1-e2727307f532"
    },
    {
      "templateType": "cisco_ntp",
      "templateId": "a8e47df2-e98e-42f1-9084-a1d2ca48604b"
    },
    {
      "templateType": "cisco_logging",
      "templateId": "03ecf589-f994-4c28-966e-06eb13437ffe"
    },
    {
      "templateType": "cedge_global",
      "templateId": "56e134b4-71e3-46a2-9c53-7ba10ec2ca3e"
    },
    {
      "templateType": "cisco_bfd",
      "templateId": "79c16ff7-cb4b-420a-a13a-68505f5ae349"
    },
    {
      "templateType": "cisco_omp",
      "templateId": "7a40f1bb-df37-47dc-a524-c650b55f1ba8"
    },
    {
      "templateType": "cisco_security",
      "templateId": "7f96765e-09c9-4a3f-a459-b44daa2117ba"
    },
    {
      "templateType": "cisco_vpn",
      "subTemplates": [
        {
          "templateType": "cisco_vpn_interface",
          "templateId": "795725d0-7d6f-42f0-8e2f-7a33c5d56664"
        },
        {
          "templateType": "cisco_vpn_interface",
          "templateId": "34de2929-ed55-459f-bce3-2807dcc1585e"
        },
        {
          "templateType": "cisco_vpn_interface",
          "templateId": "9c26662d-5c97-469d-ba48-150a50f7ab43"
        },
        {
          "templateType": "cisco_vpn_interface",
          "templateId": "36194662-dbb0-4961-adf0-9523d4a2a905"
        },
        {
          "templateType": "cisco_vpn_interface",
          "templateId": "6f0880ab-4197-40e1-affd-3da47175396b"
        },
        {
          "templateType": "cisco_vpn_interface",
          "templateId": "2a8cbf57-a119-4905-aff4-4aaf12148fee"
        }
      ],
      "templateId": "34599dff-719c-4764-b950-e30a53e97771"
    },
    {
      "templateType": "cisco_vpn",
      "subTemplates": [
        {
          "templateType": "cisco_vpn_interface",
          "templateId": "89e4dbbf-3619-4bbc-9bc8-f424c1268c40"
        },
        {
          "templateType": "cisco_vpn_interface",
          "templateId": "15a72126-73d5-4220-a3fc-36643399230d"
        },
        {
          "templateType": "cisco_vpn_interface",
          "templateId": "29f3d7bb-b984-4a78-8f51-38853226d07e"
        }
      ],
      "templateId": "6e89eca7-edc3-4156-8cc5-8df7d30050da"
    },
    {
      "templateType": "cisco_vpn",
      "templateId": "a42ae7c4-0966-49cd-9c57-d3c9a960f72f"
    }
  ],
  "templateClass": "cedge",
  "templateId": "84b2499c-6ff7-495b-928b-e235adc6210d",
  "deviceRole": "sdwan-edge",
  "draftMode": false
}