{
  "templateName": "Factory_Default_DC1_HUB",
  "templateDescription": "Factory Default DC1 HUB for CSR C8000V",
  "deviceType": "vedge-C8000V",
  "configType": "template",
  "factoryDefault": true,
  "policyId": "",
  "featureTemplateUidRange": [],
  "connectionPreferenceRequired": true,
  "connectionPreference": true,
  "generalTemplates": [
    {
      "templateId": "5c64dac5-2c0e-4ea3-9ce1-e2727307f532",
      "templateType": "cedge_aaa"
    },
    {
      "templateId": "34b10153-9f3b-49b0-8ada-3be2169e35f2",
      "templateType": "cisco_bfd"
    },
    {
      "templateId": "8bd35538-f6dd-47e7-9f6b-0f4e88107f81",
      "templateType": "cisco_omp"
    },
    {
      "templateId": "7f96765e-09c9-4a3f-a459-b44daa2117ba",
      "templateType": "cisco_security"
    },
    {
      "templateId": "0c416684-2a87-4d99-b12f-c0f1aa1766e0",
      "templateType": "cisco_system",
      "subTemplates": [
        {
          "templateId": "03ecf589-f994-4c28-966e-06eb13437ffe",
          "templateType": "cisco_logging"
        }
      ]
    },
    {
      "templateId": "7880a337-c791-4cc7-9a47-215754cde4c9",
      "templateType": "cisco_vpn",
      "subTemplates": [
        {
          "templateId": "1ffdb29f-e78f-4959-9784-ce5288529d6f",
          "templateType": "cisco_vpn_interface"
        },
        {
          "templateId": "88ec56a0-4afa-43c1-8a65-0e8e376f7147",
          "templateType": "cisco_vpn_interface"
        }
      ]
    },
    {
      "templateId": "0d6d95df-46ab-4ef8-b8ca-0a134cdd64df",
      "templateType": "cisco_vpn"
    },
    {
      "templateId": "38c550c8-9eae-44ab-ad9b-b477087364f9",
      "templateType": "cisco_vpn",
      "subTemplates": [
        {
          "templateId": "ce117d64-0582-4a0c-bad4-6870111d8d23",
          "templateType": "cisco_vpn_interface",
          "subTemplates": [
            {
              "templateId": "f7699af2-e859-4307-b3b1-766d9ba703cc",
              "templateType": "cisco_dhcp_server"
            }
          ]
        }
      ]
    },
    {
      "templateId": "fad68bde-02a3-454a-8a23-6e71bad0176e",
      "templateType": "cisco_vpn",
      "subTemplates": [
        {
          "templateId": "5b2ddb40-1bd4-49ff-a54b-559be0befa91",
          "templateType": "cisco_vpn_interface"
        }
      ]
    },
    {
      "templateId": "b211829a-1d2d-4bef-a134-7a9b7763fb5e",
      "templateType": "cisco_vpn",
      "subTemplates": [
        {
          "templateId": "372acf0b-914d-4c7e-83ce-559a079bdf07",
          "templateType": "cisco_vpn_interface"
        }
      ]
    },
    {
      "templateId": "56e134b4-71e3-46a2-9c53-7ba10ec2ca3e",
      "templateType": "cedge_global"
    },
    {
      "templateId": "ede9f451-ee08-40fe-adf5-674cf3b82530",
      "templateType": "cisco_banner"
    }
  ],
  "templateClass": "cedge",
  "deviceRole": "sdwan-edge",
  "templateId": "20c0314e-e306-4d06-96d1-9c7ee1fe45dc",
  "draftMode": false
}