{
  "templateName": "Factory_Default_ISR_4331_V01",
  "templateDescription": "Factory Default template for ISR4331 device",
  "deviceType": "vedge-ISR-4331",
  "configType": "template",
  "factoryDefault": true,
  "policyId": "",
  "featureTemplateUidRange": [],
  "connectionPreferenceRequired": true,
  "connectionPreference": true,
  "generalTemplates": [
    {
      "templateId": "5c64dac5-2c0e-4ea3-9ce1-e2727307f532",
      "templateType": "cedge_aaa"
    },
    {
      "templateId": "79c16ff7-cb4b-420a-a13a-68505f5ae349",
      "templateType": "cisco_bfd"
    },
    {
      "templateId": "7a40f1bb-df37-47dc-a524-c650b55f1ba8",
      "templateType": "cisco_omp"
    },
    {
      "templateId": "7f96765e-09c9-4a3f-a459-b44daa2117ba",
      "templateType": "cisco_security"
    },
    {
      "templateId": "4614bdda-e5e7-415c-82aa-e10ac0e0c0c8",
      "templateType": "cisco_system",
      "subTemplates": [
        {
          "templateId": "03ecf589-f994-4c28-966e-06eb13437ffe",
          "templateType": "cisco_logging"
        }
      ]
    },
    {
      "templateId": "34599dff-719c-4764-b950-e30a53e97771",
      "templateType": "cisco_vpn",
      "subTemplates": [
        {
          "templateId": "f8e9b66b-ebee-4a01-862f-fab9e0ee805e",
          "templateType": "cisco_vpn_interface"
        },
        {
          "templateId": "a25a70c2-6f52-4ba4-9ce0-c4cf56a670ea",
          "templateType": "cisco_vpn_interface"
        }
      ]
    },
    {
      "templateId": "a42ae7c4-0966-49cd-9c57-d3c9a960f72f",
      "templateType": "cisco_vpn",
      "subTemplates": [
        {
          "templateId": "628fd2d9-d1ff-45e5-82c5-5885c8fd5b8e",
          "templateType": "cisco_vpn_interface"
        }
      ]
    },
    {
      "templateId": "6e89eca7-edc3-4156-8cc5-8df7d30050da",
      "templateType": "cisco_vpn",
      "subTemplates": [
        {
          "templateId": "89e4dbbf-3619-4bbc-9bc8-f424c1268c40",
          "templateType": "cisco_vpn_interface"
        }
      ]
    },
    {
      "templateId": "56e134b4-71e3-46a2-9c53-7ba10ec2ca3e",
      "templateType": "cedge_global"
    }
  ],
  "templateClass": "cedge",
  "templateId": "ecfed882-9c8f-436d-ae46-b61b68cdb649",
  "deviceRole": "sdwan-edge",
  "draftMode": false
}