{
  "templateName": "Site_3_vEdge_Template",
  "templateDescription": "Site_3_vEdge_Template",
  "deviceType": "vedge-cloud",
  "deviceRole": "sdwan-edge",
  "configType": "template",
  "factoryDefault": false,
  "policyId": "",
  "featureTemplateUidRange": [],
  "generalTemplates": [
    {
      "templateId": "d5e934cc-9dd3-4c2e-9012-f86f9f857a10",
      "templateType": "aaa"
    },
    {
      "templateId": "04893423-8372-4f6c-94a8-fcfe8f42836f",
      "templateType": "bfd-vedge"
    },
    {
      "templateId": "0a411c7f-1e51-4b80-b6eb-d18813ee52b7",
      "templateType": "omp-vedge"
    },
    {
      "templateId": "0df323c1-d05d-47ed-a45c-ab727ebc3cd9",
      "templateType": "security-vedge"
    },
    {
      "templateId": "7615fb9f-4cba-474f-a8a3-e4e7b66a1707",
      "templateType": "system-vedge",
      "subTemplates": [
        {
          "templateId": "7a486387-1623-4d74-8c99-7c1379ee00c5",
          "templateType": "logging"
        }
      ]
    },
    {
      "templateId": "176e5e4c-56cf-459d-8862-91706ca67ab8",
      "templateType": "vpn-vedge",
      "subTemplates": [
        {
          "templateId": "7be89632-ebe6-4eef-a234-b6cfe03b032e",
          "templateType": "vpn-vedge-interface"
        },
        {
          "templateId": "25128df8-035b-468d-b743-a1f819cc00a1",
          "templateType": "vpn-vedge-interface"
        }
      ]
    },
    {
      "templateId": "2f0c3289-878b-4972-856c-8f24758a3f19",
      "templateType": "vpn-vedge",
      "subTemplates": [
        {
          "templateId": "b19fec78-a7cc-4717-8cda-f5c594ffbd8b",
          "templateType": "vpn-vedge-interface"
        }
      ]
    },
    {
      "templateId": "6de9a831-e540-436d-b0d0-2c074bd44efc",
      "templateType": "vpn-vedge",
      "subTemplates": [
        {
          "templateId": "f4ca8b6d-9d03-4476-9063-2c6a61ddfb3f",
          "templateType": "vpn-vedge-interface"
        }
      ]
    }
  ],
  "templateClass": "vedge",
  "draftMode": false,
  "templateId": "9ae53d3b-9ba8-458c-a743-e6e97abf1923"
}