{
  "templateName": "Site_1_and_2_cEdge_Template",
  "templateDescription": "Site_1_and_2_cEdge_Template",
  "deviceType": "vedge-C8000V",
  "deviceRole": "sdwan-edge",
  "configType": "template",
  "factoryDefault": false,
  "policyId": "",
  "featureTemplateUidRange": [],
  "draftMode": false,
  "connectionPreferenceRequired": true,
  "connectionPreference": true,
  "generalTemplates": [
    {
      "templateId": "2739f048-292c-4cc3-b60b-6f5fb80f44a3",
      "templateType": "cedge_aaa"
    },
    {
      "templateId": "7ef8f7c8-3291-490b-85b2-e87f6006295c",
      "templateType": "cisco_bfd"
    },
    {
      "templateId": "a28f93ef-72e3-4445-96a4-f061dbca9091",
      "templateType": "cisco_omp"
    },
    {
      "templateId": "f960808c-b1b6-4f55-a2b2-5d4ace477310",
      "templateType": "cisco_security"
    },
    {
      "templateId": "55cf542c-2871-48cf-a4ed-d892e41fab6b",
      "templateType": "cisco_system",
      "subTemplates": [
        {
          "templateId": "34f5afa8-a6b9-4465-9cab-001324a70ff3",
          "templateType": "cisco_logging"
        }
      ]
    },
    {
      "templateId": "8549a650-cd28-49ae-8ee9-6adf0977bc83",
      "templateType": "cisco_vpn",
      "subTemplates": [
        {
          "templateId": "f6885ee6-b43e-42c9-a31c-c1a12fb02526",
          "templateType": "cisco_vpn_interface"
        },
        {
          "templateId": "f06e235c-4497-499f-94c3-cc1918655d11",
          "templateType": "cisco_vpn_interface"
        }
      ]
    },
    {
      "templateId": "fd9db960-c608-47ba-9a63-f43ff8862629",
      "templateType": "cisco_vpn",
      "subTemplates": [
        {
          "templateId": "8db6fbf9-50b9-48f6-bcab-40283d6ae2d2",
          "templateType": "cisco_vpn_interface"
        }
      ]
    },
    {
      "templateId": "90aa1ae1-c11c-4c94-a3af-dd0e986ac99c",
      "templateType": "cisco_vpn",
      "subTemplates": [
        {
          "templateId": "ac452d42-220c-4f20-b61b-f4fb7e55064f",
          "templateType": "cisco_vpn_interface"
        }
      ]
    },
    {
      "templateId": "56e134b4-71e3-46a2-9c53-7ba10ec2ca3e",
      "templateType": "cedge_global"
    }
  ],
  "templateClass": "cedge",
  "templateId": "6f33aec6-3e61-4eae-9a06-d687ad64a780"
}